"STATISTIC","Statistic Label","TLIST(A1)","Year","C04064V04826","Semester","C04065V04827","Fuel Sector","C04063V04825","Pricing Bases","C04062V04824","Electricity consumption bands","UNIT","VALUE"
"TMEGB04","Non-Residential Electricity Prices","2015","2015","10","January - June","40","Non-Residential Electricity","55","Non-residential electricity prices excluding all taxes, fees, levies, and charges","35","Non-household electricity consumption less than 20 MWh - band IA","€ per kWh","0.1715"
"TMEGB04","Non-Residential Electricity Prices","2015","2015","10","January - June","40","Non-Residential Electricity","55","Non-residential electricity prices excluding all taxes, fees, levies, and charges","40","Non-household electricity consumption 20 MWh < 500 MWh - band IB","€ per kWh","0.1496"
"TMEGB04","Non-Residential Electricity Prices","2015","2015","10","January - June","40","Non-Residential Electricity","55","Non-residential electricity prices excluding all taxes, fees, levies, and charges","45","Non-household electricity consumption 500 MWh < 2,000 MWh - band IC","€ per kWh","0.1294"
"TMEGB04","Non-Residential Electricity Prices","2015","2015","10","January - June","40","Non-Residential Electricity","55","Non-residential electricity prices excluding all taxes, fees, levies, and charges","50","Non-household electricity consumption 2,000 MWh < 20,000 MWh - band ID","€ per kWh","0.1082"
"TMEGB04","Non-Residential Electricity Prices","2015","2015","10","January - June","40","Non-Residential Electricity","55","Non-residential electricity prices excluding all taxes, fees, levies, and charges","55","Non-household electricity consumption 20,000 MWh < 70,000 MWh - band IE","€ per kWh","0.0939"
"TMEGB04","Non-Residential Electricity Prices","2015","2015","10","January - June","40","Non-Residential Electricity","55","Non-residential electricity prices excluding all taxes, fees, levies, and charges","60","Non-household electricity consumption 70,000 MWh < 150,000 MWh - band IF","€ per kWh","0.0876"
"TMEGB04","Non-Residential Electricity Prices","2015","2015","10","January - June","40","Non-Residential Electricity","55","Non-residential electricity prices excluding all taxes, fees, levies, and charges","65","Non-household electricity consumption  150,000 MWh or more - band IG","€ per kWh",""
"TMEGB04","Non-Residential Electricity Prices","2015","2015","10","January - June","40","Non-Residential Electricity","60","Non-residential electricity prices excluding value added tax (VAT) and other recoverable taxes and levies","35","Non-household electricity consumption less than 20 MWh - band IA","€ per kWh","0.2098"
"TMEGB04","Non-Residential Electricity Prices","2015","2015","10","January - June","40","Non-Residential Electricity","60","Non-residential electricity prices excluding value added tax (VAT) and other recoverable taxes and levies","40","Non-household electricity consumption 20 MWh < 500 MWh - band IB","€ per kWh","0.164"
"TMEGB04","Non-Residential Electricity Prices","2015","2015","10","January - June","40","Non-Residential Electricity","60","Non-residential electricity prices excluding value added tax (VAT) and other recoverable taxes and levies","45","Non-household electricity consumption 500 MWh < 2,000 MWh - band IC","€ per kWh","0.1417"
"TMEGB04","Non-Residential Electricity Prices","2015","2015","10","January - June","40","Non-Residential Electricity","60","Non-residential electricity prices excluding value added tax (VAT) and other recoverable taxes and levies","50","Non-household electricity consumption 2,000 MWh < 20,000 MWh - band ID","€ per kWh","0.1164"
"TMEGB04","Non-Residential Electricity Prices","2015","2015","10","January - June","40","Non-Residential Electricity","60","Non-residential electricity prices excluding value added tax (VAT) and other recoverable taxes and levies","55","Non-household electricity consumption 20,000 MWh < 70,000 MWh - band IE","€ per kWh","0.1005"
"TMEGB04","Non-Residential Electricity Prices","2015","2015","10","January - June","40","Non-Residential Electricity","60","Non-residential electricity prices excluding value added tax (VAT) and other recoverable taxes and levies","60","Non-household electricity consumption 70,000 MWh < 150,000 MWh - band IF","€ per kWh","0.0924"
"TMEGB04","Non-Residential Electricity Prices","2015","2015","10","January - June","40","Non-Residential Electricity","60","Non-residential electricity prices excluding value added tax (VAT) and other recoverable taxes and levies","65","Non-household electricity consumption  150,000 MWh or more - band IG","€ per kWh",""
"TMEGB04","Non-Residential Electricity Prices","2015","2015","10","January - June","40","Non-Residential Electricity","65","Non-residential electricity prices including all taxes and levies","35","Non-household electricity consumption less than 20 MWh - band IA","€ per kWh","0.2381"
"TMEGB04","Non-Residential Electricity Prices","2015","2015","10","January - June","40","Non-Residential Electricity","65","Non-residential electricity prices including all taxes and levies","40","Non-household electricity consumption 20 MWh < 500 MWh - band IB","€ per kWh","0.186"
"TMEGB04","Non-Residential Electricity Prices","2015","2015","10","January - June","40","Non-Residential Electricity","65","Non-residential electricity prices including all taxes and levies","45","Non-household electricity consumption 500 MWh < 2,000 MWh - band IC","€ per kWh","0.1601"
"TMEGB04","Non-Residential Electricity Prices","2015","2015","10","January - June","40","Non-Residential Electricity","65","Non-residential electricity prices including all taxes and levies","50","Non-household electricity consumption 2,000 MWh < 20,000 MWh - band ID","€ per kWh","0.1293"
"TMEGB04","Non-Residential Electricity Prices","2015","2015","10","January - June","40","Non-Residential Electricity","65","Non-residential electricity prices including all taxes and levies","55","Non-household electricity consumption 20,000 MWh < 70,000 MWh - band IE","€ per kWh","0.109"
"TMEGB04","Non-Residential Electricity Prices","2015","2015","10","January - June","40","Non-Residential Electricity","65","Non-residential electricity prices including all taxes and levies","60","Non-household electricity consumption 70,000 MWh < 150,000 MWh - band IF","€ per kWh","0.1005"
"TMEGB04","Non-Residential Electricity Prices","2015","2015","10","January - June","40","Non-Residential Electricity","65","Non-residential electricity prices including all taxes and levies","65","Non-household electricity consumption  150,000 MWh or more - band IG","€ per kWh",""
"TMEGB04","Non-Residential Electricity Prices","2015","2015","20","July - December","40","Non-Residential Electricity","55","Non-residential electricity prices excluding all taxes, fees, levies, and charges","35","Non-household electricity consumption less than 20 MWh - band IA","€ per kWh","0.1694"
"TMEGB04","Non-Residential Electricity Prices","2015","2015","20","July - December","40","Non-Residential Electricity","55","Non-residential electricity prices excluding all taxes, fees, levies, and charges","40","Non-household electricity consumption 20 MWh < 500 MWh - band IB","€ per kWh","0.1471"
"TMEGB04","Non-Residential Electricity Prices","2015","2015","20","July - December","40","Non-Residential Electricity","55","Non-residential electricity prices excluding all taxes, fees, levies, and charges","45","Non-household electricity consumption 500 MWh < 2,000 MWh - band IC","€ per kWh","0.1231"
"TMEGB04","Non-Residential Electricity Prices","2015","2015","20","July - December","40","Non-Residential Electricity","55","Non-residential electricity prices excluding all taxes, fees, levies, and charges","50","Non-household electricity consumption 2,000 MWh < 20,000 MWh - band ID","€ per kWh","0.103"
"TMEGB04","Non-Residential Electricity Prices","2015","2015","20","July - December","40","Non-Residential Electricity","55","Non-residential electricity prices excluding all taxes, fees, levies, and charges","55","Non-household electricity consumption 20,000 MWh < 70,000 MWh - band IE","€ per kWh","0.0918"
"TMEGB04","Non-Residential Electricity Prices","2015","2015","20","July - December","40","Non-Residential Electricity","55","Non-residential electricity prices excluding all taxes, fees, levies, and charges","60","Non-household electricity consumption 70,000 MWh < 150,000 MWh - band IF","€ per kWh","0.0844"
"TMEGB04","Non-Residential Electricity Prices","2015","2015","20","July - December","40","Non-Residential Electricity","55","Non-residential electricity prices excluding all taxes, fees, levies, and charges","65","Non-household electricity consumption  150,000 MWh or more - band IG","€ per kWh",""
"TMEGB04","Non-Residential Electricity Prices","2015","2015","20","July - December","40","Non-Residential Electricity","60","Non-residential electricity prices excluding value added tax (VAT) and other recoverable taxes and levies","35","Non-household electricity consumption less than 20 MWh - band IA","€ per kWh","0.2045"
"TMEGB04","Non-Residential Electricity Prices","2015","2015","20","July - December","40","Non-Residential Electricity","60","Non-residential electricity prices excluding value added tax (VAT) and other recoverable taxes and levies","40","Non-household electricity consumption 20 MWh < 500 MWh - band IB","€ per kWh","0.1642"
"TMEGB04","Non-Residential Electricity Prices","2015","2015","20","July - December","40","Non-Residential Electricity","60","Non-residential electricity prices excluding value added tax (VAT) and other recoverable taxes and levies","45","Non-household electricity consumption 500 MWh < 2,000 MWh - band IC","€ per kWh","0.1357"
"TMEGB04","Non-Residential Electricity Prices","2015","2015","20","July - December","40","Non-Residential Electricity","60","Non-residential electricity prices excluding value added tax (VAT) and other recoverable taxes and levies","50","Non-household electricity consumption 2,000 MWh < 20,000 MWh - band ID","€ per kWh","0.1115"
"TMEGB04","Non-Residential Electricity Prices","2015","2015","20","July - December","40","Non-Residential Electricity","60","Non-residential electricity prices excluding value added tax (VAT) and other recoverable taxes and levies","55","Non-household electricity consumption 20,000 MWh < 70,000 MWh - band IE","€ per kWh","0.0968"
"TMEGB04","Non-Residential Electricity Prices","2015","2015","20","July - December","40","Non-Residential Electricity","60","Non-residential electricity prices excluding value added tax (VAT) and other recoverable taxes and levies","60","Non-household electricity consumption 70,000 MWh < 150,000 MWh - band IF","€ per kWh","0.0876"
"TMEGB04","Non-Residential Electricity Prices","2015","2015","20","July - December","40","Non-Residential Electricity","60","Non-residential electricity prices excluding value added tax (VAT) and other recoverable taxes and levies","65","Non-household electricity consumption  150,000 MWh or more - band IG","€ per kWh",""
"TMEGB04","Non-Residential Electricity Prices","2015","2015","20","July - December","40","Non-Residential Electricity","65","Non-residential electricity prices including all taxes and levies","35","Non-household electricity consumption less than 20 MWh - band IA","€ per kWh","0.2321"
"TMEGB04","Non-Residential Electricity Prices","2015","2015","20","July - December","40","Non-Residential Electricity","65","Non-residential electricity prices including all taxes and levies","40","Non-household electricity consumption 20 MWh < 500 MWh - band IB","€ per kWh","0.1862"
"TMEGB04","Non-Residential Electricity Prices","2015","2015","20","July - December","40","Non-Residential Electricity","65","Non-residential electricity prices including all taxes and levies","45","Non-household electricity consumption 500 MWh < 2,000 MWh - band IC","€ per kWh","0.1531"
"TMEGB04","Non-Residential Electricity Prices","2015","2015","20","July - December","40","Non-Residential Electricity","65","Non-residential electricity prices including all taxes and levies","50","Non-household electricity consumption 2,000 MWh < 20,000 MWh - band ID","€ per kWh","0.1234"
"TMEGB04","Non-Residential Electricity Prices","2015","2015","20","July - December","40","Non-Residential Electricity","65","Non-residential electricity prices including all taxes and levies","55","Non-household electricity consumption 20,000 MWh < 70,000 MWh - band IE","€ per kWh","0.1067"
"TMEGB04","Non-Residential Electricity Prices","2015","2015","20","July - December","40","Non-Residential Electricity","65","Non-residential electricity prices including all taxes and levies","60","Non-household electricity consumption 70,000 MWh < 150,000 MWh - band IF","€ per kWh","0.097"
"TMEGB04","Non-Residential Electricity Prices","2015","2015","20","July - December","40","Non-Residential Electricity","65","Non-residential electricity prices including all taxes and levies","65","Non-household electricity consumption  150,000 MWh or more - band IG","€ per kWh",""
"TMEGB04","Non-Residential Electricity Prices","2016","2016","10","January - June","40","Non-Residential Electricity","55","Non-residential electricity prices excluding all taxes, fees, levies, and charges","35","Non-household electricity consumption less than 20 MWh - band IA","€ per kWh","0.1619"
"TMEGB04","Non-Residential Electricity Prices","2016","2016","10","January - June","40","Non-Residential Electricity","55","Non-residential electricity prices excluding all taxes, fees, levies, and charges","40","Non-household electricity consumption 20 MWh < 500 MWh - band IB","€ per kWh","0.1437"
"TMEGB04","Non-Residential Electricity Prices","2016","2016","10","January - June","40","Non-Residential Electricity","55","Non-residential electricity prices excluding all taxes, fees, levies, and charges","45","Non-household electricity consumption 500 MWh < 2,000 MWh - band IC","€ per kWh","0.1198"
"TMEGB04","Non-Residential Electricity Prices","2016","2016","10","January - June","40","Non-Residential Electricity","55","Non-residential electricity prices excluding all taxes, fees, levies, and charges","50","Non-household electricity consumption 2,000 MWh < 20,000 MWh - band ID","€ per kWh","0.0931"
"TMEGB04","Non-Residential Electricity Prices","2016","2016","10","January - June","40","Non-Residential Electricity","55","Non-residential electricity prices excluding all taxes, fees, levies, and charges","55","Non-household electricity consumption 20,000 MWh < 70,000 MWh - band IE","€ per kWh","0.0826"
"TMEGB04","Non-Residential Electricity Prices","2016","2016","10","January - June","40","Non-Residential Electricity","55","Non-residential electricity prices excluding all taxes, fees, levies, and charges","60","Non-household electricity consumption 70,000 MWh < 150,000 MWh - band IF","€ per kWh","0.0773"
"TMEGB04","Non-Residential Electricity Prices","2016","2016","10","January - June","40","Non-Residential Electricity","55","Non-residential electricity prices excluding all taxes, fees, levies, and charges","65","Non-household electricity consumption  150,000 MWh or more - band IG","€ per kWh",""
"TMEGB04","Non-Residential Electricity Prices","2016","2016","10","January - June","40","Non-Residential Electricity","60","Non-residential electricity prices excluding value added tax (VAT) and other recoverable taxes and levies","35","Non-household electricity consumption less than 20 MWh - band IA","€ per kWh","0.1936"
"TMEGB04","Non-Residential Electricity Prices","2016","2016","10","January - June","40","Non-Residential Electricity","60","Non-residential electricity prices excluding value added tax (VAT) and other recoverable taxes and levies","40","Non-household electricity consumption 20 MWh < 500 MWh - band IB","€ per kWh","0.1592"
"TMEGB04","Non-Residential Electricity Prices","2016","2016","10","January - June","40","Non-Residential Electricity","60","Non-residential electricity prices excluding value added tax (VAT) and other recoverable taxes and levies","45","Non-household electricity consumption 500 MWh < 2,000 MWh - band IC","€ per kWh","0.1327"
"TMEGB04","Non-Residential Electricity Prices","2016","2016","10","January - June","40","Non-Residential Electricity","60","Non-residential electricity prices excluding value added tax (VAT) and other recoverable taxes and levies","50","Non-household electricity consumption 2,000 MWh < 20,000 MWh - band ID","€ per kWh","0.1018"
"TMEGB04","Non-Residential Electricity Prices","2016","2016","10","January - June","40","Non-Residential Electricity","60","Non-residential electricity prices excluding value added tax (VAT) and other recoverable taxes and levies","55","Non-household electricity consumption 20,000 MWh < 70,000 MWh - band IE","€ per kWh","0.0887"
"TMEGB04","Non-Residential Electricity Prices","2016","2016","10","January - June","40","Non-Residential Electricity","60","Non-residential electricity prices excluding value added tax (VAT) and other recoverable taxes and levies","60","Non-household electricity consumption 70,000 MWh < 150,000 MWh - band IF","€ per kWh","0.0807"
"TMEGB04","Non-Residential Electricity Prices","2016","2016","10","January - June","40","Non-Residential Electricity","60","Non-residential electricity prices excluding value added tax (VAT) and other recoverable taxes and levies","65","Non-household electricity consumption  150,000 MWh or more - band IG","€ per kWh",""
"TMEGB04","Non-Residential Electricity Prices","2016","2016","10","January - June","40","Non-Residential Electricity","65","Non-residential electricity prices including all taxes and levies","35","Non-household electricity consumption less than 20 MWh - band IA","€ per kWh","0.2197"
"TMEGB04","Non-Residential Electricity Prices","2016","2016","10","January - June","40","Non-Residential Electricity","65","Non-residential electricity prices including all taxes and levies","40","Non-household electricity consumption 20 MWh < 500 MWh - band IB","€ per kWh","0.1806"
"TMEGB04","Non-Residential Electricity Prices","2016","2016","10","January - June","40","Non-Residential Electricity","65","Non-residential electricity prices including all taxes and levies","45","Non-household electricity consumption 500 MWh < 2,000 MWh - band IC","€ per kWh","0.1498"
"TMEGB04","Non-Residential Electricity Prices","2016","2016","10","January - June","40","Non-Residential Electricity","65","Non-residential electricity prices including all taxes and levies","50","Non-household electricity consumption 2,000 MWh < 20,000 MWh - band ID","€ per kWh","0.1126"
"TMEGB04","Non-Residential Electricity Prices","2016","2016","10","January - June","40","Non-Residential Electricity","65","Non-residential electricity prices including all taxes and levies","55","Non-household electricity consumption 20,000 MWh < 70,000 MWh - band IE","€ per kWh","0.0976"
"TMEGB04","Non-Residential Electricity Prices","2016","2016","10","January - June","40","Non-Residential Electricity","65","Non-residential electricity prices including all taxes and levies","60","Non-household electricity consumption 70,000 MWh < 150,000 MWh - band IF","€ per kWh","0.0894"
"TMEGB04","Non-Residential Electricity Prices","2016","2016","10","January - June","40","Non-Residential Electricity","65","Non-residential electricity prices including all taxes and levies","65","Non-household electricity consumption  150,000 MWh or more - band IG","€ per kWh",""
"TMEGB04","Non-Residential Electricity Prices","2016","2016","20","July - December","40","Non-Residential Electricity","55","Non-residential electricity prices excluding all taxes, fees, levies, and charges","35","Non-household electricity consumption less than 20 MWh - band IA","€ per kWh","0.16"
"TMEGB04","Non-Residential Electricity Prices","2016","2016","20","July - December","40","Non-Residential Electricity","55","Non-residential electricity prices excluding all taxes, fees, levies, and charges","40","Non-household electricity consumption 20 MWh < 500 MWh - band IB","€ per kWh","0.1377"
"TMEGB04","Non-Residential Electricity Prices","2016","2016","20","July - December","40","Non-Residential Electricity","55","Non-residential electricity prices excluding all taxes, fees, levies, and charges","45","Non-household electricity consumption 500 MWh < 2,000 MWh - band IC","€ per kWh","0.1115"
"TMEGB04","Non-Residential Electricity Prices","2016","2016","20","July - December","40","Non-Residential Electricity","55","Non-residential electricity prices excluding all taxes, fees, levies, and charges","50","Non-household electricity consumption 2,000 MWh < 20,000 MWh - band ID","€ per kWh","0.0926"
"TMEGB04","Non-Residential Electricity Prices","2016","2016","20","July - December","40","Non-Residential Electricity","55","Non-residential electricity prices excluding all taxes, fees, levies, and charges","55","Non-household electricity consumption 20,000 MWh < 70,000 MWh - band IE","€ per kWh","0.0796"
"TMEGB04","Non-Residential Electricity Prices","2016","2016","20","July - December","40","Non-Residential Electricity","55","Non-residential electricity prices excluding all taxes, fees, levies, and charges","60","Non-household electricity consumption 70,000 MWh < 150,000 MWh - band IF","€ per kWh","0.0746"
"TMEGB04","Non-Residential Electricity Prices","2016","2016","20","July - December","40","Non-Residential Electricity","55","Non-residential electricity prices excluding all taxes, fees, levies, and charges","65","Non-household electricity consumption  150,000 MWh or more - band IG","€ per kWh",""
"TMEGB04","Non-Residential Electricity Prices","2016","2016","20","July - December","40","Non-Residential Electricity","60","Non-residential electricity prices excluding value added tax (VAT) and other recoverable taxes and levies","35","Non-household electricity consumption less than 20 MWh - band IA","€ per kWh","0.1961"
"TMEGB04","Non-Residential Electricity Prices","2016","2016","20","July - December","40","Non-Residential Electricity","60","Non-residential electricity prices excluding value added tax (VAT) and other recoverable taxes and levies","40","Non-household electricity consumption 20 MWh < 500 MWh - band IB","€ per kWh","0.1538"
"TMEGB04","Non-Residential Electricity Prices","2016","2016","20","July - December","40","Non-Residential Electricity","60","Non-residential electricity prices excluding value added tax (VAT) and other recoverable taxes and levies","45","Non-household electricity consumption 500 MWh < 2,000 MWh - band IC","€ per kWh","0.1245"
"TMEGB04","Non-Residential Electricity Prices","2016","2016","20","July - December","40","Non-Residential Electricity","60","Non-residential electricity prices excluding value added tax (VAT) and other recoverable taxes and levies","50","Non-household electricity consumption 2,000 MWh < 20,000 MWh - band ID","€ per kWh","0.1019"
"TMEGB04","Non-Residential Electricity Prices","2016","2016","20","July - December","40","Non-Residential Electricity","60","Non-residential electricity prices excluding value added tax (VAT) and other recoverable taxes and levies","55","Non-household electricity consumption 20,000 MWh < 70,000 MWh - band IE","€ per kWh","0.0857"
"TMEGB04","Non-Residential Electricity Prices","2016","2016","20","July - December","40","Non-Residential Electricity","60","Non-residential electricity prices excluding value added tax (VAT) and other recoverable taxes and levies","60","Non-household electricity consumption 70,000 MWh < 150,000 MWh - band IF","€ per kWh","0.078"
"TMEGB04","Non-Residential Electricity Prices","2016","2016","20","July - December","40","Non-Residential Electricity","60","Non-residential electricity prices excluding value added tax (VAT) and other recoverable taxes and levies","65","Non-household electricity consumption  150,000 MWh or more - band IG","€ per kWh",""
"TMEGB04","Non-Residential Electricity Prices","2016","2016","20","July - December","40","Non-Residential Electricity","65","Non-residential electricity prices including all taxes and levies","35","Non-household electricity consumption less than 20 MWh - band IA","€ per kWh","0.2232"
"TMEGB04","Non-Residential Electricity Prices","2016","2016","20","July - December","40","Non-Residential Electricity","65","Non-residential electricity prices including all taxes and levies","40","Non-household electricity consumption 20 MWh < 500 MWh - band IB","€ per kWh","0.1753"
"TMEGB04","Non-Residential Electricity Prices","2016","2016","20","July - December","40","Non-Residential Electricity","65","Non-residential electricity prices including all taxes and levies","45","Non-household electricity consumption 500 MWh < 2,000 MWh - band IC","€ per kWh","0.1404"
"TMEGB04","Non-Residential Electricity Prices","2016","2016","20","July - December","40","Non-Residential Electricity","65","Non-residential electricity prices including all taxes and levies","50","Non-household electricity consumption 2,000 MWh < 20,000 MWh - band ID","€ per kWh","0.1129"
"TMEGB04","Non-Residential Electricity Prices","2016","2016","20","July - December","40","Non-Residential Electricity","65","Non-residential electricity prices including all taxes and levies","55","Non-household electricity consumption 20,000 MWh < 70,000 MWh - band IE","€ per kWh","0.0948"
"TMEGB04","Non-Residential Electricity Prices","2016","2016","20","July - December","40","Non-Residential Electricity","65","Non-residential electricity prices including all taxes and levies","60","Non-household electricity consumption 70,000 MWh < 150,000 MWh - band IF","€ per kWh","0.0866"
"TMEGB04","Non-Residential Electricity Prices","2016","2016","20","July - December","40","Non-Residential Electricity","65","Non-residential electricity prices including all taxes and levies","65","Non-household electricity consumption  150,000 MWh or more - band IG","€ per kWh",""
"TMEGB04","Non-Residential Electricity Prices","2017","2017","10","January - June","40","Non-Residential Electricity","55","Non-residential electricity prices excluding all taxes, fees, levies, and charges","35","Non-household electricity consumption less than 20 MWh - band IA","€ per kWh","0.1563"
"TMEGB04","Non-Residential Electricity Prices","2017","2017","10","January - June","40","Non-Residential Electricity","55","Non-residential electricity prices excluding all taxes, fees, levies, and charges","40","Non-household electricity consumption 20 MWh < 500 MWh - band IB","€ per kWh","0.1343"
"TMEGB04","Non-Residential Electricity Prices","2017","2017","10","January - June","40","Non-Residential Electricity","55","Non-residential electricity prices excluding all taxes, fees, levies, and charges","45","Non-household electricity consumption 500 MWh < 2,000 MWh - band IC","€ per kWh","0.1095"
"TMEGB04","Non-Residential Electricity Prices","2017","2017","10","January - June","40","Non-Residential Electricity","55","Non-residential electricity prices excluding all taxes, fees, levies, and charges","50","Non-household electricity consumption 2,000 MWh < 20,000 MWh - band ID","€ per kWh","0.0915"
"TMEGB04","Non-Residential Electricity Prices","2017","2017","10","January - June","40","Non-Residential Electricity","55","Non-residential electricity prices excluding all taxes, fees, levies, and charges","55","Non-household electricity consumption 20,000 MWh < 70,000 MWh - band IE","€ per kWh","0.0788"
"TMEGB04","Non-Residential Electricity Prices","2017","2017","10","January - June","40","Non-Residential Electricity","55","Non-residential electricity prices excluding all taxes, fees, levies, and charges","60","Non-household electricity consumption 70,000 MWh < 150,000 MWh - band IF","€ per kWh","0.0712"
"TMEGB04","Non-Residential Electricity Prices","2017","2017","10","January - June","40","Non-Residential Electricity","55","Non-residential electricity prices excluding all taxes, fees, levies, and charges","65","Non-household electricity consumption  150,000 MWh or more - band IG","€ per kWh",""
"TMEGB04","Non-Residential Electricity Prices","2017","2017","10","January - June","40","Non-Residential Electricity","60","Non-residential electricity prices excluding value added tax (VAT) and other recoverable taxes and levies","35","Non-household electricity consumption less than 20 MWh - band IA","€ per kWh","0.1903"
"TMEGB04","Non-Residential Electricity Prices","2017","2017","10","January - June","40","Non-Residential Electricity","60","Non-residential electricity prices excluding value added tax (VAT) and other recoverable taxes and levies","40","Non-household electricity consumption 20 MWh < 500 MWh - band IB","€ per kWh","0.1503"
"TMEGB04","Non-Residential Electricity Prices","2017","2017","10","January - June","40","Non-Residential Electricity","60","Non-residential electricity prices excluding value added tax (VAT) and other recoverable taxes and levies","45","Non-household electricity consumption 500 MWh < 2,000 MWh - band IC","€ per kWh","0.1237"
"TMEGB04","Non-Residential Electricity Prices","2017","2017","10","January - June","40","Non-Residential Electricity","60","Non-residential electricity prices excluding value added tax (VAT) and other recoverable taxes and levies","50","Non-household electricity consumption 2,000 MWh < 20,000 MWh - band ID","€ per kWh","0.1032"
"TMEGB04","Non-Residential Electricity Prices","2017","2017","10","January - June","40","Non-Residential Electricity","60","Non-residential electricity prices excluding value added tax (VAT) and other recoverable taxes and levies","55","Non-household electricity consumption 20,000 MWh < 70,000 MWh - band IE","€ per kWh","0.0889"
"TMEGB04","Non-Residential Electricity Prices","2017","2017","10","January - June","40","Non-Residential Electricity","60","Non-residential electricity prices excluding value added tax (VAT) and other recoverable taxes and levies","60","Non-household electricity consumption 70,000 MWh < 150,000 MWh - band IF","€ per kWh","0.0797"
"TMEGB04","Non-Residential Electricity Prices","2017","2017","10","January - June","40","Non-Residential Electricity","60","Non-residential electricity prices excluding value added tax (VAT) and other recoverable taxes and levies","65","Non-household electricity consumption  150,000 MWh or more - band IG","€ per kWh",""
"TMEGB04","Non-Residential Electricity Prices","2017","2017","10","January - June","40","Non-Residential Electricity","65","Non-residential electricity prices including all taxes and levies","35","Non-household electricity consumption less than 20 MWh - band IA","€ per kWh","0.2168"
"TMEGB04","Non-Residential Electricity Prices","2017","2017","10","January - June","40","Non-Residential Electricity","65","Non-residential electricity prices including all taxes and levies","40","Non-household electricity consumption 20 MWh < 500 MWh - band IB","€ per kWh","0.1692"
"TMEGB04","Non-Residential Electricity Prices","2017","2017","10","January - June","40","Non-Residential Electricity","65","Non-residential electricity prices including all taxes and levies","45","Non-household electricity consumption 500 MWh < 2,000 MWh - band IC","€ per kWh","0.1392"
"TMEGB04","Non-Residential Electricity Prices","2017","2017","10","January - June","40","Non-Residential Electricity","65","Non-residential electricity prices including all taxes and levies","50","Non-household electricity consumption 2,000 MWh < 20,000 MWh - band ID","€ per kWh","0.1142"
"TMEGB04","Non-Residential Electricity Prices","2017","2017","10","January - June","40","Non-Residential Electricity","65","Non-residential electricity prices including all taxes and levies","55","Non-household electricity consumption 20,000 MWh < 70,000 MWh - band IE","€ per kWh","0.0981"
"TMEGB04","Non-Residential Electricity Prices","2017","2017","10","January - June","40","Non-Residential Electricity","65","Non-residential electricity prices including all taxes and levies","60","Non-household electricity consumption 70,000 MWh < 150,000 MWh - band IF","€ per kWh","0.0894"
"TMEGB04","Non-Residential Electricity Prices","2017","2017","10","January - June","40","Non-Residential Electricity","65","Non-residential electricity prices including all taxes and levies","65","Non-household electricity consumption  150,000 MWh or more - band IG","€ per kWh",""
"TMEGB04","Non-Residential Electricity Prices","2017","2017","20","July - December","40","Non-Residential Electricity","55","Non-residential electricity prices excluding all taxes, fees, levies, and charges","35","Non-household electricity consumption less than 20 MWh - band IA","€ per kWh","0.1605"
"TMEGB04","Non-Residential Electricity Prices","2017","2017","20","July - December","40","Non-Residential Electricity","55","Non-residential electricity prices excluding all taxes, fees, levies, and charges","40","Non-household electricity consumption 20 MWh < 500 MWh - band IB","€ per kWh","0.1348"
"TMEGB04","Non-Residential Electricity Prices","2017","2017","20","July - December","40","Non-Residential Electricity","55","Non-residential electricity prices excluding all taxes, fees, levies, and charges","45","Non-household electricity consumption 500 MWh < 2,000 MWh - band IC","€ per kWh","0.1093"
"TMEGB04","Non-Residential Electricity Prices","2017","2017","20","July - December","40","Non-Residential Electricity","55","Non-residential electricity prices excluding all taxes, fees, levies, and charges","50","Non-household electricity consumption 2,000 MWh < 20,000 MWh - band ID","€ per kWh","0.0885"
"TMEGB04","Non-Residential Electricity Prices","2017","2017","20","July - December","40","Non-Residential Electricity","55","Non-residential electricity prices excluding all taxes, fees, levies, and charges","55","Non-household electricity consumption 20,000 MWh < 70,000 MWh - band IE","€ per kWh","0.0824"
"TMEGB04","Non-Residential Electricity Prices","2017","2017","20","July - December","40","Non-Residential Electricity","55","Non-residential electricity prices excluding all taxes, fees, levies, and charges","60","Non-household electricity consumption 70,000 MWh < 150,000 MWh - band IF","€ per kWh","0.0721"
"TMEGB04","Non-Residential Electricity Prices","2017","2017","20","July - December","40","Non-Residential Electricity","55","Non-residential electricity prices excluding all taxes, fees, levies, and charges","65","Non-household electricity consumption  150,000 MWh or more - band IG","€ per kWh",""
"TMEGB04","Non-Residential Electricity Prices","2017","2017","20","July - December","40","Non-Residential Electricity","60","Non-residential electricity prices excluding value added tax (VAT) and other recoverable taxes and levies","35","Non-household electricity consumption less than 20 MWh - band IA","€ per kWh","0.1988"
"TMEGB04","Non-Residential Electricity Prices","2017","2017","20","July - December","40","Non-Residential Electricity","60","Non-residential electricity prices excluding value added tax (VAT) and other recoverable taxes and levies","40","Non-household electricity consumption 20 MWh < 500 MWh - band IB","€ per kWh","0.1512"
"TMEGB04","Non-Residential Electricity Prices","2017","2017","20","July - December","40","Non-Residential Electricity","60","Non-residential electricity prices excluding value added tax (VAT) and other recoverable taxes and levies","45","Non-household electricity consumption 500 MWh < 2,000 MWh - band IC","€ per kWh","0.1241"
"TMEGB04","Non-Residential Electricity Prices","2017","2017","20","July - December","40","Non-Residential Electricity","60","Non-residential electricity prices excluding value added tax (VAT) and other recoverable taxes and levies","50","Non-household electricity consumption 2,000 MWh < 20,000 MWh - band ID","€ per kWh","0.1006"
"TMEGB04","Non-Residential Electricity Prices","2017","2017","20","July - December","40","Non-Residential Electricity","60","Non-residential electricity prices excluding value added tax (VAT) and other recoverable taxes and levies","55","Non-household electricity consumption 20,000 MWh < 70,000 MWh - band IE","€ per kWh","0.0932"
"TMEGB04","Non-Residential Electricity Prices","2017","2017","20","July - December","40","Non-Residential Electricity","60","Non-residential electricity prices excluding value added tax (VAT) and other recoverable taxes and levies","60","Non-household electricity consumption 70,000 MWh < 150,000 MWh - band IF","€ per kWh","0.0805"
"TMEGB04","Non-Residential Electricity Prices","2017","2017","20","July - December","40","Non-Residential Electricity","60","Non-residential electricity prices excluding value added tax (VAT) and other recoverable taxes and levies","65","Non-household electricity consumption  150,000 MWh or more - band IG","€ per kWh",""
"TMEGB04","Non-Residential Electricity Prices","2017","2017","20","July - December","40","Non-Residential Electricity","65","Non-residential electricity prices including all taxes and levies","35","Non-household electricity consumption less than 20 MWh - band IA","€ per kWh","0.2264"
"TMEGB04","Non-Residential Electricity Prices","2017","2017","20","July - December","40","Non-Residential Electricity","65","Non-residential electricity prices including all taxes and levies","40","Non-household electricity consumption 20 MWh < 500 MWh - band IB","€ per kWh","0.1719"
"TMEGB04","Non-Residential Electricity Prices","2017","2017","20","July - December","40","Non-Residential Electricity","65","Non-residential electricity prices including all taxes and levies","45","Non-household electricity consumption 500 MWh < 2,000 MWh - band IC","€ per kWh","0.1399"
"TMEGB04","Non-Residential Electricity Prices","2017","2017","20","July - December","40","Non-Residential Electricity","65","Non-residential electricity prices including all taxes and levies","50","Non-household electricity consumption 2,000 MWh < 20,000 MWh - band ID","€ per kWh","0.1114"
"TMEGB04","Non-Residential Electricity Prices","2017","2017","20","July - December","40","Non-Residential Electricity","65","Non-residential electricity prices including all taxes and levies","55","Non-household electricity consumption 20,000 MWh < 70,000 MWh - band IE","€ per kWh","0.1033"
"TMEGB04","Non-Residential Electricity Prices","2017","2017","20","July - December","40","Non-Residential Electricity","65","Non-residential electricity prices including all taxes and levies","60","Non-household electricity consumption 70,000 MWh < 150,000 MWh - band IF","€ per kWh","0.0883"
"TMEGB04","Non-Residential Electricity Prices","2017","2017","20","July - December","40","Non-Residential Electricity","65","Non-residential electricity prices including all taxes and levies","65","Non-household electricity consumption  150,000 MWh or more - band IG","€ per kWh",""
"TMEGB04","Non-Residential Electricity Prices","2018","2018","10","January - June","40","Non-Residential Electricity","55","Non-residential electricity prices excluding all taxes, fees, levies, and charges","35","Non-household electricity consumption less than 20 MWh - band IA","€ per kWh","0.1632"
"TMEGB04","Non-Residential Electricity Prices","2018","2018","10","January - June","40","Non-Residential Electricity","55","Non-residential electricity prices excluding all taxes, fees, levies, and charges","40","Non-household electricity consumption 20 MWh < 500 MWh - band IB","€ per kWh","0.1393"
"TMEGB04","Non-Residential Electricity Prices","2018","2018","10","January - June","40","Non-Residential Electricity","55","Non-residential electricity prices excluding all taxes, fees, levies, and charges","45","Non-household electricity consumption 500 MWh < 2,000 MWh - band IC","€ per kWh","0.1171"
"TMEGB04","Non-Residential Electricity Prices","2018","2018","10","January - June","40","Non-Residential Electricity","55","Non-residential electricity prices excluding all taxes, fees, levies, and charges","50","Non-household electricity consumption 2,000 MWh < 20,000 MWh - band ID","€ per kWh","0.0955"
"TMEGB04","Non-Residential Electricity Prices","2018","2018","10","January - June","40","Non-Residential Electricity","55","Non-residential electricity prices excluding all taxes, fees, levies, and charges","55","Non-household electricity consumption 20,000 MWh < 70,000 MWh - band IE","€ per kWh","0.0888"
"TMEGB04","Non-Residential Electricity Prices","2018","2018","10","January - June","40","Non-Residential Electricity","55","Non-residential electricity prices excluding all taxes, fees, levies, and charges","60","Non-household electricity consumption 70,000 MWh < 150,000 MWh - band IF","€ per kWh","0.0807"
"TMEGB04","Non-Residential Electricity Prices","2018","2018","10","January - June","40","Non-Residential Electricity","55","Non-residential electricity prices excluding all taxes, fees, levies, and charges","65","Non-household electricity consumption  150,000 MWh or more - band IG","€ per kWh",""
"TMEGB04","Non-Residential Electricity Prices","2018","2018","10","January - June","40","Non-Residential Electricity","60","Non-residential electricity prices excluding value added tax (VAT) and other recoverable taxes and levies","35","Non-household electricity consumption less than 20 MWh - band IA","€ per kWh","0.2027"
"TMEGB04","Non-Residential Electricity Prices","2018","2018","10","January - June","40","Non-Residential Electricity","60","Non-residential electricity prices excluding value added tax (VAT) and other recoverable taxes and levies","40","Non-household electricity consumption 20 MWh < 500 MWh - band IB","€ per kWh","0.1565"
"TMEGB04","Non-Residential Electricity Prices","2018","2018","10","January - June","40","Non-Residential Electricity","60","Non-residential electricity prices excluding value added tax (VAT) and other recoverable taxes and levies","45","Non-household electricity consumption 500 MWh < 2,000 MWh - band IC","€ per kWh","0.1321"
"TMEGB04","Non-Residential Electricity Prices","2018","2018","10","January - June","40","Non-Residential Electricity","60","Non-residential electricity prices excluding value added tax (VAT) and other recoverable taxes and levies","50","Non-household electricity consumption 2,000 MWh < 20,000 MWh - band ID","€ per kWh","0.1081"
"TMEGB04","Non-Residential Electricity Prices","2018","2018","10","January - June","40","Non-Residential Electricity","60","Non-residential electricity prices excluding value added tax (VAT) and other recoverable taxes and levies","55","Non-household electricity consumption 20,000 MWh < 70,000 MWh - band IE","€ per kWh","0.1004"
"TMEGB04","Non-Residential Electricity Prices","2018","2018","10","January - June","40","Non-Residential Electricity","60","Non-residential electricity prices excluding value added tax (VAT) and other recoverable taxes and levies","60","Non-household electricity consumption 70,000 MWh < 150,000 MWh - band IF","€ per kWh","0.0915"
"TMEGB04","Non-Residential Electricity Prices","2018","2018","10","January - June","40","Non-Residential Electricity","60","Non-residential electricity prices excluding value added tax (VAT) and other recoverable taxes and levies","65","Non-household electricity consumption  150,000 MWh or more - band IG","€ per kWh",""
"TMEGB04","Non-Residential Electricity Prices","2018","2018","10","January - June","40","Non-Residential Electricity","65","Non-residential electricity prices including all taxes and levies","35","Non-household electricity consumption less than 20 MWh - band IA","€ per kWh","0.2307"
"TMEGB04","Non-Residential Electricity Prices","2018","2018","10","January - June","40","Non-Residential Electricity","65","Non-residential electricity prices including all taxes and levies","40","Non-household electricity consumption 20 MWh < 500 MWh - band IB","€ per kWh","0.1772"
"TMEGB04","Non-Residential Electricity Prices","2018","2018","10","January - June","40","Non-Residential Electricity","65","Non-residential electricity prices including all taxes and levies","45","Non-household electricity consumption 500 MWh < 2,000 MWh - band IC","€ per kWh","0.1491"
"TMEGB04","Non-Residential Electricity Prices","2018","2018","10","January - June","40","Non-Residential Electricity","65","Non-residential electricity prices including all taxes and levies","50","Non-household electricity consumption 2,000 MWh < 20,000 MWh - band ID","€ per kWh","0.1193"
"TMEGB04","Non-Residential Electricity Prices","2018","2018","10","January - June","40","Non-Residential Electricity","65","Non-residential electricity prices including all taxes and levies","55","Non-household electricity consumption 20,000 MWh < 70,000 MWh - band IE","€ per kWh","0.1117"
"TMEGB04","Non-Residential Electricity Prices","2018","2018","10","January - June","40","Non-Residential Electricity","65","Non-residential electricity prices including all taxes and levies","60","Non-household electricity consumption 70,000 MWh < 150,000 MWh - band IF","€ per kWh","0.1011"
"TMEGB04","Non-Residential Electricity Prices","2018","2018","10","January - June","40","Non-Residential Electricity","65","Non-residential electricity prices including all taxes and levies","65","Non-household electricity consumption  150,000 MWh or more - band IG","€ per kWh",""
"TMEGB04","Non-Residential Electricity Prices","2018","2018","20","July - December","40","Non-Residential Electricity","55","Non-residential electricity prices excluding all taxes, fees, levies, and charges","35","Non-household electricity consumption less than 20 MWh - band IA","€ per kWh","0.1772"
"TMEGB04","Non-Residential Electricity Prices","2018","2018","20","July - December","40","Non-Residential Electricity","55","Non-residential electricity prices excluding all taxes, fees, levies, and charges","40","Non-household electricity consumption 20 MWh < 500 MWh - band IB","€ per kWh","0.1477"
"TMEGB04","Non-Residential Electricity Prices","2018","2018","20","July - December","40","Non-Residential Electricity","55","Non-residential electricity prices excluding all taxes, fees, levies, and charges","45","Non-household electricity consumption 500 MWh < 2,000 MWh - band IC","€ per kWh","0.124"
"TMEGB04","Non-Residential Electricity Prices","2018","2018","20","July - December","40","Non-Residential Electricity","55","Non-residential electricity prices excluding all taxes, fees, levies, and charges","50","Non-household electricity consumption 2,000 MWh < 20,000 MWh - band ID","€ per kWh","0.1018"
"TMEGB04","Non-Residential Electricity Prices","2018","2018","20","July - December","40","Non-Residential Electricity","55","Non-residential electricity prices excluding all taxes, fees, levies, and charges","55","Non-household electricity consumption 20,000 MWh < 70,000 MWh - band IE","€ per kWh","0.0951"
"TMEGB04","Non-Residential Electricity Prices","2018","2018","20","July - December","40","Non-Residential Electricity","55","Non-residential electricity prices excluding all taxes, fees, levies, and charges","60","Non-household electricity consumption 70,000 MWh < 150,000 MWh - band IF","€ per kWh","0.0868"
"TMEGB04","Non-Residential Electricity Prices","2018","2018","20","July - December","40","Non-Residential Electricity","55","Non-residential electricity prices excluding all taxes, fees, levies, and charges","65","Non-household electricity consumption  150,000 MWh or more - band IG","€ per kWh","0.0814"
"TMEGB04","Non-Residential Electricity Prices","2018","2018","20","July - December","40","Non-Residential Electricity","60","Non-residential electricity prices excluding value added tax (VAT) and other recoverable taxes and levies","35","Non-household electricity consumption less than 20 MWh - band IA","€ per kWh","0.2111"
"TMEGB04","Non-Residential Electricity Prices","2018","2018","20","July - December","40","Non-Residential Electricity","60","Non-residential electricity prices excluding value added tax (VAT) and other recoverable taxes and levies","40","Non-household electricity consumption 20 MWh < 500 MWh - band IB","€ per kWh","0.161"
"TMEGB04","Non-Residential Electricity Prices","2018","2018","20","July - December","40","Non-Residential Electricity","60","Non-residential electricity prices excluding value added tax (VAT) and other recoverable taxes and levies","45","Non-household electricity consumption 500 MWh < 2,000 MWh - band IC","€ per kWh","0.1349"
"TMEGB04","Non-Residential Electricity Prices","2018","2018","20","July - December","40","Non-Residential Electricity","60","Non-residential electricity prices excluding value added tax (VAT) and other recoverable taxes and levies","50","Non-household electricity consumption 2,000 MWh < 20,000 MWh - band ID","€ per kWh","0.1108"
"TMEGB04","Non-Residential Electricity Prices","2018","2018","20","July - December","40","Non-Residential Electricity","60","Non-residential electricity prices excluding value added tax (VAT) and other recoverable taxes and levies","55","Non-household electricity consumption 20,000 MWh < 70,000 MWh - band IE","€ per kWh","0.1025"
"TMEGB04","Non-Residential Electricity Prices","2018","2018","20","July - December","40","Non-Residential Electricity","60","Non-residential electricity prices excluding value added tax (VAT) and other recoverable taxes and levies","60","Non-household electricity consumption 70,000 MWh < 150,000 MWh - band IF","€ per kWh","0.0965"
"TMEGB04","Non-Residential Electricity Prices","2018","2018","20","July - December","40","Non-Residential Electricity","60","Non-residential electricity prices excluding value added tax (VAT) and other recoverable taxes and levies","65","Non-household electricity consumption  150,000 MWh or more - band IG","€ per kWh","0.0877"
"TMEGB04","Non-Residential Electricity Prices","2018","2018","20","July - December","40","Non-Residential Electricity","65","Non-residential electricity prices including all taxes and levies","35","Non-household electricity consumption less than 20 MWh - band IA","€ per kWh","0.2408"
"TMEGB04","Non-Residential Electricity Prices","2018","2018","20","July - December","40","Non-Residential Electricity","65","Non-residential electricity prices including all taxes and levies","40","Non-household electricity consumption 20 MWh < 500 MWh - band IB","€ per kWh","0.1823"
"TMEGB04","Non-Residential Electricity Prices","2018","2018","20","July - December","40","Non-Residential Electricity","65","Non-residential electricity prices including all taxes and levies","45","Non-household electricity consumption 500 MWh < 2,000 MWh - band IC","€ per kWh","0.1518"
"TMEGB04","Non-Residential Electricity Prices","2018","2018","20","July - December","40","Non-Residential Electricity","65","Non-residential electricity prices including all taxes and levies","50","Non-household electricity consumption 2,000 MWh < 20,000 MWh - band ID","€ per kWh","0.1227"
"TMEGB04","Non-Residential Electricity Prices","2018","2018","20","July - December","40","Non-Residential Electricity","65","Non-residential electricity prices including all taxes and levies","55","Non-household electricity consumption 20,000 MWh < 70,000 MWh - band IE","€ per kWh","0.1131"
"TMEGB04","Non-Residential Electricity Prices","2018","2018","20","July - December","40","Non-Residential Electricity","65","Non-residential electricity prices including all taxes and levies","60","Non-household electricity consumption 70,000 MWh < 150,000 MWh - band IF","€ per kWh","0.1078"
"TMEGB04","Non-Residential Electricity Prices","2018","2018","20","July - December","40","Non-Residential Electricity","65","Non-residential electricity prices including all taxes and levies","65","Non-household electricity consumption  150,000 MWh or more - band IG","€ per kWh","0.0952"
"TMEGB04","Non-Residential Electricity Prices","2019","2019","10","January - June","40","Non-Residential Electricity","55","Non-residential electricity prices excluding all taxes, fees, levies, and charges","35","Non-household electricity consumption less than 20 MWh - band IA","€ per kWh","0.1917"
"TMEGB04","Non-Residential Electricity Prices","2019","2019","10","January - June","40","Non-Residential Electricity","55","Non-residential electricity prices excluding all taxes, fees, levies, and charges","40","Non-household electricity consumption 20 MWh < 500 MWh - band IB","€ per kWh","0.1559"
"TMEGB04","Non-Residential Electricity Prices","2019","2019","10","January - June","40","Non-Residential Electricity","55","Non-residential electricity prices excluding all taxes, fees, levies, and charges","45","Non-household electricity consumption 500 MWh < 2,000 MWh - band IC","€ per kWh","0.1294"
"TMEGB04","Non-Residential Electricity Prices","2019","2019","10","January - June","40","Non-Residential Electricity","55","Non-residential electricity prices excluding all taxes, fees, levies, and charges","50","Non-household electricity consumption 2,000 MWh < 20,000 MWh - band ID","€ per kWh","0.1011"
"TMEGB04","Non-Residential Electricity Prices","2019","2019","10","January - June","40","Non-Residential Electricity","55","Non-residential electricity prices excluding all taxes, fees, levies, and charges","55","Non-household electricity consumption 20,000 MWh < 70,000 MWh - band IE","€ per kWh","0.0931"
"TMEGB04","Non-Residential Electricity Prices","2019","2019","10","January - June","40","Non-Residential Electricity","55","Non-residential electricity prices excluding all taxes, fees, levies, and charges","60","Non-household electricity consumption 70,000 MWh < 150,000 MWh - band IF","€ per kWh","0.0873"
"TMEGB04","Non-Residential Electricity Prices","2019","2019","10","January - June","40","Non-Residential Electricity","55","Non-residential electricity prices excluding all taxes, fees, levies, and charges","65","Non-household electricity consumption  150,000 MWh or more - band IG","€ per kWh","0.0816"
"TMEGB04","Non-Residential Electricity Prices","2019","2019","10","January - June","40","Non-Residential Electricity","60","Non-residential electricity prices excluding value added tax (VAT) and other recoverable taxes and levies","35","Non-household electricity consumption less than 20 MWh - band IA","€ per kWh","0.2127"
"TMEGB04","Non-Residential Electricity Prices","2019","2019","10","January - June","40","Non-Residential Electricity","60","Non-residential electricity prices excluding value added tax (VAT) and other recoverable taxes and levies","40","Non-household electricity consumption 20 MWh < 500 MWh - band IB","€ per kWh","0.1628"
"TMEGB04","Non-Residential Electricity Prices","2019","2019","10","January - June","40","Non-Residential Electricity","60","Non-residential electricity prices excluding value added tax (VAT) and other recoverable taxes and levies","45","Non-household electricity consumption 500 MWh < 2,000 MWh - band IC","€ per kWh","0.1351"
"TMEGB04","Non-Residential Electricity Prices","2019","2019","10","January - June","40","Non-Residential Electricity","60","Non-residential electricity prices excluding value added tax (VAT) and other recoverable taxes and levies","50","Non-household electricity consumption 2,000 MWh < 20,000 MWh - band ID","€ per kWh","0.1061"
"TMEGB04","Non-Residential Electricity Prices","2019","2019","10","January - June","40","Non-Residential Electricity","60","Non-residential electricity prices excluding value added tax (VAT) and other recoverable taxes and levies","55","Non-household electricity consumption 20,000 MWh < 70,000 MWh - band IE","€ per kWh","0.097"
"TMEGB04","Non-Residential Electricity Prices","2019","2019","10","January - June","40","Non-Residential Electricity","60","Non-residential electricity prices excluding value added tax (VAT) and other recoverable taxes and levies","60","Non-household electricity consumption 70,000 MWh < 150,000 MWh - band IF","€ per kWh","0.092"
"TMEGB04","Non-Residential Electricity Prices","2019","2019","10","January - June","40","Non-Residential Electricity","60","Non-residential electricity prices excluding value added tax (VAT) and other recoverable taxes and levies","65","Non-household electricity consumption  150,000 MWh or more - band IG","€ per kWh","0.0848"
"TMEGB04","Non-Residential Electricity Prices","2019","2019","10","January - June","40","Non-Residential Electricity","65","Non-residential electricity prices including all taxes and levies","35","Non-household electricity consumption less than 20 MWh - band IA","€ per kWh","0.2424"
"TMEGB04","Non-Residential Electricity Prices","2019","2019","10","January - June","40","Non-Residential Electricity","65","Non-residential electricity prices including all taxes and levies","40","Non-household electricity consumption 20 MWh < 500 MWh - band IB","€ per kWh","0.1843"
"TMEGB04","Non-Residential Electricity Prices","2019","2019","10","January - June","40","Non-Residential Electricity","65","Non-residential electricity prices including all taxes and levies","45","Non-household electricity consumption 500 MWh < 2,000 MWh - band IC","€ per kWh","0.1524"
"TMEGB04","Non-Residential Electricity Prices","2019","2019","10","January - June","40","Non-Residential Electricity","65","Non-residential electricity prices including all taxes and levies","50","Non-household electricity consumption 2,000 MWh < 20,000 MWh - band ID","€ per kWh","0.1178"
"TMEGB04","Non-Residential Electricity Prices","2019","2019","10","January - June","40","Non-Residential Electricity","65","Non-residential electricity prices including all taxes and levies","55","Non-household electricity consumption 20,000 MWh < 70,000 MWh - band IE","€ per kWh","0.1058"
"TMEGB04","Non-Residential Electricity Prices","2019","2019","10","January - June","40","Non-Residential Electricity","65","Non-residential electricity prices including all taxes and levies","60","Non-household electricity consumption 70,000 MWh < 150,000 MWh - band IF","€ per kWh","0.103"
"TMEGB04","Non-Residential Electricity Prices","2019","2019","10","January - June","40","Non-Residential Electricity","65","Non-residential electricity prices including all taxes and levies","65","Non-household electricity consumption  150,000 MWh or more - band IG","€ per kWh","0.0925"
"TMEGB04","Non-Residential Electricity Prices","2019","2019","20","July - December","40","Non-Residential Electricity","55","Non-residential electricity prices excluding all taxes, fees, levies, and charges","35","Non-household electricity consumption less than 20 MWh - band IA","€ per kWh","0.1923"
"TMEGB04","Non-Residential Electricity Prices","2019","2019","20","July - December","40","Non-Residential Electricity","55","Non-residential electricity prices excluding all taxes, fees, levies, and charges","40","Non-household electricity consumption 20 MWh < 500 MWh - band IB","€ per kWh","0.1545"
"TMEGB04","Non-Residential Electricity Prices","2019","2019","20","July - December","40","Non-Residential Electricity","55","Non-residential electricity prices excluding all taxes, fees, levies, and charges","45","Non-household electricity consumption 500 MWh < 2,000 MWh - band IC","€ per kWh","0.1273"
"TMEGB04","Non-Residential Electricity Prices","2019","2019","20","July - December","40","Non-Residential Electricity","55","Non-residential electricity prices excluding all taxes, fees, levies, and charges","50","Non-household electricity consumption 2,000 MWh < 20,000 MWh - band ID","€ per kWh","0.0987"
"TMEGB04","Non-Residential Electricity Prices","2019","2019","20","July - December","40","Non-Residential Electricity","55","Non-residential electricity prices excluding all taxes, fees, levies, and charges","55","Non-household electricity consumption 20,000 MWh < 70,000 MWh - band IE","€ per kWh","0.0906"
"TMEGB04","Non-Residential Electricity Prices","2019","2019","20","July - December","40","Non-Residential Electricity","55","Non-residential electricity prices excluding all taxes, fees, levies, and charges","60","Non-household electricity consumption 70,000 MWh < 150,000 MWh - band IF","€ per kWh","0.0832"
"TMEGB04","Non-Residential Electricity Prices","2019","2019","20","July - December","40","Non-Residential Electricity","55","Non-residential electricity prices excluding all taxes, fees, levies, and charges","65","Non-household electricity consumption  150,000 MWh or more - band IG","€ per kWh","0.079"
"TMEGB04","Non-Residential Electricity Prices","2019","2019","20","July - December","40","Non-Residential Electricity","60","Non-residential electricity prices excluding value added tax (VAT) and other recoverable taxes and levies","35","Non-household electricity consumption less than 20 MWh - band IA","€ per kWh","0.2138"
"TMEGB04","Non-Residential Electricity Prices","2019","2019","20","July - December","40","Non-Residential Electricity","60","Non-residential electricity prices excluding value added tax (VAT) and other recoverable taxes and levies","40","Non-household electricity consumption 20 MWh < 500 MWh - band IB","€ per kWh","0.1612"
"TMEGB04","Non-Residential Electricity Prices","2019","2019","20","July - December","40","Non-Residential Electricity","60","Non-residential electricity prices excluding value added tax (VAT) and other recoverable taxes and levies","45","Non-household electricity consumption 500 MWh < 2,000 MWh - band IC","€ per kWh","0.1328"
"TMEGB04","Non-Residential Electricity Prices","2019","2019","20","July - December","40","Non-Residential Electricity","60","Non-residential electricity prices excluding value added tax (VAT) and other recoverable taxes and levies","50","Non-household electricity consumption 2,000 MWh < 20,000 MWh - band ID","€ per kWh","0.1036"
"TMEGB04","Non-Residential Electricity Prices","2019","2019","20","July - December","40","Non-Residential Electricity","60","Non-residential electricity prices excluding value added tax (VAT) and other recoverable taxes and levies","55","Non-household electricity consumption 20,000 MWh < 70,000 MWh - band IE","€ per kWh","0.0944"
"TMEGB04","Non-Residential Electricity Prices","2019","2019","20","July - December","40","Non-Residential Electricity","60","Non-residential electricity prices excluding value added tax (VAT) and other recoverable taxes and levies","60","Non-household electricity consumption 70,000 MWh < 150,000 MWh - band IF","€ per kWh","0.0877"
"TMEGB04","Non-Residential Electricity Prices","2019","2019","20","July - December","40","Non-Residential Electricity","60","Non-residential electricity prices excluding value added tax (VAT) and other recoverable taxes and levies","65","Non-household electricity consumption  150,000 MWh or more - band IG","€ per kWh","0.0819"
"TMEGB04","Non-Residential Electricity Prices","2019","2019","20","July - December","40","Non-Residential Electricity","65","Non-residential electricity prices including all taxes and levies","35","Non-household electricity consumption less than 20 MWh - band IA","€ per kWh","0.2434"
"TMEGB04","Non-Residential Electricity Prices","2019","2019","20","July - December","40","Non-Residential Electricity","65","Non-residential electricity prices including all taxes and levies","40","Non-household electricity consumption 20 MWh < 500 MWh - band IB","€ per kWh","0.1826"
"TMEGB04","Non-Residential Electricity Prices","2019","2019","20","July - December","40","Non-Residential Electricity","65","Non-residential electricity prices including all taxes and levies","45","Non-household electricity consumption 500 MWh < 2,000 MWh - band IC","€ per kWh","0.1499"
"TMEGB04","Non-Residential Electricity Prices","2019","2019","20","July - December","40","Non-Residential Electricity","65","Non-residential electricity prices including all taxes and levies","50","Non-household electricity consumption 2,000 MWh < 20,000 MWh - band ID","€ per kWh","0.1152"
"TMEGB04","Non-Residential Electricity Prices","2019","2019","20","July - December","40","Non-Residential Electricity","65","Non-residential electricity prices including all taxes and levies","55","Non-household electricity consumption 20,000 MWh < 70,000 MWh - band IE","€ per kWh","0.1031"
"TMEGB04","Non-Residential Electricity Prices","2019","2019","20","July - December","40","Non-Residential Electricity","65","Non-residential electricity prices including all taxes and levies","60","Non-household electricity consumption 70,000 MWh < 150,000 MWh - band IF","€ per kWh","0.0983"
"TMEGB04","Non-Residential Electricity Prices","2019","2019","20","July - December","40","Non-Residential Electricity","65","Non-residential electricity prices including all taxes and levies","65","Non-household electricity consumption  150,000 MWh or more - band IG","€ per kWh","0.0893"
"TMEGB04","Non-Residential Electricity Prices","2020","2020","10","January - June","40","Non-Residential Electricity","55","Non-residential electricity prices excluding all taxes, fees, levies, and charges","35","Non-household electricity consumption less than 20 MWh - band IA","€ per kWh","0.1997"
"TMEGB04","Non-Residential Electricity Prices","2020","2020","10","January - June","40","Non-Residential Electricity","55","Non-residential electricity prices excluding all taxes, fees, levies, and charges","40","Non-household electricity consumption 20 MWh < 500 MWh - band IB","€ per kWh","0.1593"
"TMEGB04","Non-Residential Electricity Prices","2020","2020","10","January - June","40","Non-Residential Electricity","55","Non-residential electricity prices excluding all taxes, fees, levies, and charges","45","Non-household electricity consumption 500 MWh < 2,000 MWh - band IC","€ per kWh","0.1265"
"TMEGB04","Non-Residential Electricity Prices","2020","2020","10","January - June","40","Non-Residential Electricity","55","Non-residential electricity prices excluding all taxes, fees, levies, and charges","50","Non-household electricity consumption 2,000 MWh < 20,000 MWh - band ID","€ per kWh","0.0967"
"TMEGB04","Non-Residential Electricity Prices","2020","2020","10","January - June","40","Non-Residential Electricity","55","Non-residential electricity prices excluding all taxes, fees, levies, and charges","55","Non-household electricity consumption 20,000 MWh < 70,000 MWh - band IE","€ per kWh","0.0895"
"TMEGB04","Non-Residential Electricity Prices","2020","2020","10","January - June","40","Non-Residential Electricity","55","Non-residential electricity prices excluding all taxes, fees, levies, and charges","60","Non-household electricity consumption 70,000 MWh < 150,000 MWh - band IF","€ per kWh","0.0801"
"TMEGB04","Non-Residential Electricity Prices","2020","2020","10","January - June","40","Non-Residential Electricity","55","Non-residential electricity prices excluding all taxes, fees, levies, and charges","65","Non-household electricity consumption  150,000 MWh or more - band IG","€ per kWh","0.0757"
"TMEGB04","Non-Residential Electricity Prices","2020","2020","10","January - June","40","Non-Residential Electricity","60","Non-residential electricity prices excluding value added tax (VAT) and other recoverable taxes and levies","35","Non-household electricity consumption less than 20 MWh - band IA","€ per kWh","0.2181"
"TMEGB04","Non-Residential Electricity Prices","2020","2020","10","January - June","40","Non-Residential Electricity","60","Non-residential electricity prices excluding value added tax (VAT) and other recoverable taxes and levies","40","Non-household electricity consumption 20 MWh < 500 MWh - band IB","€ per kWh","0.1664"
"TMEGB04","Non-Residential Electricity Prices","2020","2020","10","January - June","40","Non-Residential Electricity","60","Non-residential electricity prices excluding value added tax (VAT) and other recoverable taxes and levies","45","Non-household electricity consumption 500 MWh < 2,000 MWh - band IC","€ per kWh","0.1326"
"TMEGB04","Non-Residential Electricity Prices","2020","2020","10","January - June","40","Non-Residential Electricity","60","Non-residential electricity prices excluding value added tax (VAT) and other recoverable taxes and levies","50","Non-household electricity consumption 2,000 MWh < 20,000 MWh - band ID","€ per kWh","0.1018"
"TMEGB04","Non-Residential Electricity Prices","2020","2020","10","January - June","40","Non-Residential Electricity","60","Non-residential electricity prices excluding value added tax (VAT) and other recoverable taxes and levies","55","Non-household electricity consumption 20,000 MWh < 70,000 MWh - band IE","€ per kWh","0.0934"
"TMEGB04","Non-Residential Electricity Prices","2020","2020","10","January - June","40","Non-Residential Electricity","60","Non-residential electricity prices excluding value added tax (VAT) and other recoverable taxes and levies","60","Non-household electricity consumption 70,000 MWh < 150,000 MWh - band IF","€ per kWh","0.0846"
"TMEGB04","Non-Residential Electricity Prices","2020","2020","10","January - June","40","Non-Residential Electricity","60","Non-residential electricity prices excluding value added tax (VAT) and other recoverable taxes and levies","65","Non-household electricity consumption  150,000 MWh or more - band IG","€ per kWh","0.0786"
"TMEGB04","Non-Residential Electricity Prices","2020","2020","10","January - June","40","Non-Residential Electricity","65","Non-residential electricity prices including all taxes and levies","35","Non-household electricity consumption less than 20 MWh - band IA","€ per kWh","0.2483"
"TMEGB04","Non-Residential Electricity Prices","2020","2020","10","January - June","40","Non-Residential Electricity","65","Non-residential electricity prices including all taxes and levies","40","Non-household electricity consumption 20 MWh < 500 MWh - band IB","€ per kWh","0.1886"
"TMEGB04","Non-Residential Electricity Prices","2020","2020","10","January - June","40","Non-Residential Electricity","65","Non-residential electricity prices including all taxes and levies","45","Non-household electricity consumption 500 MWh < 2,000 MWh - band IC","€ per kWh","0.1498"
"TMEGB04","Non-Residential Electricity Prices","2020","2020","10","January - June","40","Non-Residential Electricity","65","Non-residential electricity prices including all taxes and levies","50","Non-household electricity consumption 2,000 MWh < 20,000 MWh - band ID","€ per kWh","0.1129"
"TMEGB04","Non-Residential Electricity Prices","2020","2020","10","January - June","40","Non-Residential Electricity","65","Non-residential electricity prices including all taxes and levies","55","Non-household electricity consumption 20,000 MWh < 70,000 MWh - band IE","€ per kWh","0.1019"
"TMEGB04","Non-Residential Electricity Prices","2020","2020","10","January - June","40","Non-Residential Electricity","65","Non-residential electricity prices including all taxes and levies","60","Non-household electricity consumption 70,000 MWh < 150,000 MWh - band IF","€ per kWh","0.0948"
"TMEGB04","Non-Residential Electricity Prices","2020","2020","10","January - June","40","Non-Residential Electricity","65","Non-residential electricity prices including all taxes and levies","65","Non-household electricity consumption  150,000 MWh or more - band IG","€ per kWh","0.0855"
"TMEGB04","Non-Residential Electricity Prices","2020","2020","20","July - December","40","Non-Residential Electricity","55","Non-residential electricity prices excluding all taxes, fees, levies, and charges","35","Non-household electricity consumption less than 20 MWh - band IA","€ per kWh","0.1996"
"TMEGB04","Non-Residential Electricity Prices","2020","2020","20","July - December","40","Non-Residential Electricity","55","Non-residential electricity prices excluding all taxes, fees, levies, and charges","40","Non-household electricity consumption 20 MWh < 500 MWh - band IB","€ per kWh","0.1526"
"TMEGB04","Non-Residential Electricity Prices","2020","2020","20","July - December","40","Non-Residential Electricity","55","Non-residential electricity prices excluding all taxes, fees, levies, and charges","45","Non-household electricity consumption 500 MWh < 2,000 MWh - band IC","€ per kWh","0.1252"
"TMEGB04","Non-Residential Electricity Prices","2020","2020","20","July - December","40","Non-Residential Electricity","55","Non-residential electricity prices excluding all taxes, fees, levies, and charges","50","Non-household electricity consumption 2,000 MWh < 20,000 MWh - band ID","€ per kWh","0.0987"
"TMEGB04","Non-Residential Electricity Prices","2020","2020","20","July - December","40","Non-Residential Electricity","55","Non-residential electricity prices excluding all taxes, fees, levies, and charges","55","Non-household electricity consumption 20,000 MWh < 70,000 MWh - band IE","€ per kWh","0.0903"
"TMEGB04","Non-Residential Electricity Prices","2020","2020","20","July - December","40","Non-Residential Electricity","55","Non-residential electricity prices excluding all taxes, fees, levies, and charges","60","Non-household electricity consumption 70,000 MWh < 150,000 MWh - band IF","€ per kWh","0.0816"
"TMEGB04","Non-Residential Electricity Prices","2020","2020","20","July - December","40","Non-Residential Electricity","55","Non-residential electricity prices excluding all taxes, fees, levies, and charges","65","Non-household electricity consumption  150,000 MWh or more - band IG","€ per kWh",""
"TMEGB04","Non-Residential Electricity Prices","2020","2020","20","July - December","40","Non-Residential Electricity","60","Non-residential electricity prices excluding value added tax (VAT) and other recoverable taxes and levies","35","Non-household electricity consumption less than 20 MWh - band IA","€ per kWh","0.2316"
"TMEGB04","Non-Residential Electricity Prices","2020","2020","20","July - December","40","Non-Residential Electricity","60","Non-residential electricity prices excluding value added tax (VAT) and other recoverable taxes and levies","40","Non-household electricity consumption 20 MWh < 500 MWh - band IB","€ per kWh","0.1643"
"TMEGB04","Non-Residential Electricity Prices","2020","2020","20","July - December","40","Non-Residential Electricity","60","Non-residential electricity prices excluding value added tax (VAT) and other recoverable taxes and levies","45","Non-household electricity consumption 500 MWh < 2,000 MWh - band IC","€ per kWh","0.1339"
"TMEGB04","Non-Residential Electricity Prices","2020","2020","20","July - December","40","Non-Residential Electricity","60","Non-residential electricity prices excluding value added tax (VAT) and other recoverable taxes and levies","50","Non-household electricity consumption 2,000 MWh < 20,000 MWh - band ID","€ per kWh","0.1062"
"TMEGB04","Non-Residential Electricity Prices","2020","2020","20","July - December","40","Non-Residential Electricity","60","Non-residential electricity prices excluding value added tax (VAT) and other recoverable taxes and levies","55","Non-household electricity consumption 20,000 MWh < 70,000 MWh - band IE","€ per kWh","0.0959"
"TMEGB04","Non-Residential Electricity Prices","2020","2020","20","July - December","40","Non-Residential Electricity","60","Non-residential electricity prices excluding value added tax (VAT) and other recoverable taxes and levies","60","Non-household electricity consumption 70,000 MWh < 150,000 MWh - band IF","€ per kWh","0.0872"
"TMEGB04","Non-Residential Electricity Prices","2020","2020","20","July - December","40","Non-Residential Electricity","60","Non-residential electricity prices excluding value added tax (VAT) and other recoverable taxes and levies","65","Non-household electricity consumption  150,000 MWh or more - band IG","€ per kWh",""
"TMEGB04","Non-Residential Electricity Prices","2020","2020","20","July - December","40","Non-Residential Electricity","65","Non-residential electricity prices including all taxes and levies","35","Non-household electricity consumption less than 20 MWh - band IA","€ per kWh","0.2627"
"TMEGB04","Non-Residential Electricity Prices","2020","2020","20","July - December","40","Non-Residential Electricity","65","Non-residential electricity prices including all taxes and levies","40","Non-household electricity consumption 20 MWh < 500 MWh - band IB","€ per kWh","0.186"
"TMEGB04","Non-Residential Electricity Prices","2020","2020","20","July - December","40","Non-Residential Electricity","65","Non-residential electricity prices including all taxes and levies","45","Non-household electricity consumption 500 MWh < 2,000 MWh - band IC","€ per kWh","0.1513"
"TMEGB04","Non-Residential Electricity Prices","2020","2020","20","July - December","40","Non-Residential Electricity","65","Non-residential electricity prices including all taxes and levies","50","Non-household electricity consumption 2,000 MWh < 20,000 MWh - band ID","€ per kWh","0.118"
"TMEGB04","Non-Residential Electricity Prices","2020","2020","20","July - December","40","Non-Residential Electricity","65","Non-residential electricity prices including all taxes and levies","55","Non-household electricity consumption 20,000 MWh < 70,000 MWh - band IE","€ per kWh","0.1052"
"TMEGB04","Non-Residential Electricity Prices","2020","2020","20","July - December","40","Non-Residential Electricity","65","Non-residential electricity prices including all taxes and levies","60","Non-household electricity consumption 70,000 MWh < 150,000 MWh - band IF","€ per kWh","0.0974"
"TMEGB04","Non-Residential Electricity Prices","2020","2020","20","July - December","40","Non-Residential Electricity","65","Non-residential electricity prices including all taxes and levies","65","Non-household electricity consumption  150,000 MWh or more - band IG","€ per kWh",""
"TMEGB04","Non-Residential Electricity Prices","2021","2021","10","January - June","40","Non-Residential Electricity","55","Non-residential electricity prices excluding all taxes, fees, levies, and charges","35","Non-household electricity consumption less than 20 MWh - band IA","€ per kWh","0.2089"
"TMEGB04","Non-Residential Electricity Prices","2021","2021","10","January - June","40","Non-Residential Electricity","55","Non-residential electricity prices excluding all taxes, fees, levies, and charges","40","Non-household electricity consumption 20 MWh < 500 MWh - band IB","€ per kWh","0.1662"
"TMEGB04","Non-Residential Electricity Prices","2021","2021","10","January - June","40","Non-Residential Electricity","55","Non-residential electricity prices excluding all taxes, fees, levies, and charges","45","Non-household electricity consumption 500 MWh < 2,000 MWh - band IC","€ per kWh","0.1378"
"TMEGB04","Non-Residential Electricity Prices","2021","2021","10","January - June","40","Non-Residential Electricity","55","Non-residential electricity prices excluding all taxes, fees, levies, and charges","50","Non-household electricity consumption 2,000 MWh < 20,000 MWh - band ID","€ per kWh","0.1107"
"TMEGB04","Non-Residential Electricity Prices","2021","2021","10","January - June","40","Non-Residential Electricity","55","Non-residential electricity prices excluding all taxes, fees, levies, and charges","55","Non-household electricity consumption 20,000 MWh < 70,000 MWh - band IE","€ per kWh","0.1023"
"TMEGB04","Non-Residential Electricity Prices","2021","2021","10","January - June","40","Non-Residential Electricity","55","Non-residential electricity prices excluding all taxes, fees, levies, and charges","60","Non-household electricity consumption 70,000 MWh < 150,000 MWh - band IF","€ per kWh","0.1002"
"TMEGB04","Non-Residential Electricity Prices","2021","2021","10","January - June","40","Non-Residential Electricity","55","Non-residential electricity prices excluding all taxes, fees, levies, and charges","65","Non-household electricity consumption  150,000 MWh or more - band IG","€ per kWh","0.0993"
"TMEGB04","Non-Residential Electricity Prices","2021","2021","10","January - June","40","Non-Residential Electricity","60","Non-residential electricity prices excluding value added tax (VAT) and other recoverable taxes and levies","35","Non-household electricity consumption less than 20 MWh - band IA","€ per kWh","0.2513"
"TMEGB04","Non-Residential Electricity Prices","2021","2021","10","January - June","40","Non-Residential Electricity","60","Non-residential electricity prices excluding value added tax (VAT) and other recoverable taxes and levies","40","Non-household electricity consumption 20 MWh < 500 MWh - band IB","€ per kWh","0.1816"
"TMEGB04","Non-Residential Electricity Prices","2021","2021","10","January - June","40","Non-Residential Electricity","60","Non-residential electricity prices excluding value added tax (VAT) and other recoverable taxes and levies","45","Non-household electricity consumption 500 MWh < 2,000 MWh - band IC","€ per kWh","0.1512"
"TMEGB04","Non-Residential Electricity Prices","2021","2021","10","January - June","40","Non-Residential Electricity","60","Non-residential electricity prices excluding value added tax (VAT) and other recoverable taxes and levies","50","Non-household electricity consumption 2,000 MWh < 20,000 MWh - band ID","€ per kWh","0.1215"
"TMEGB04","Non-Residential Electricity Prices","2021","2021","10","January - June","40","Non-Residential Electricity","60","Non-residential electricity prices excluding value added tax (VAT) and other recoverable taxes and levies","55","Non-household electricity consumption 20,000 MWh < 70,000 MWh - band IE","€ per kWh","0.109"
"TMEGB04","Non-Residential Electricity Prices","2021","2021","10","January - June","40","Non-Residential Electricity","60","Non-residential electricity prices excluding value added tax (VAT) and other recoverable taxes and levies","60","Non-household electricity consumption 70,000 MWh < 150,000 MWh - band IF","€ per kWh","0.1082"
"TMEGB04","Non-Residential Electricity Prices","2021","2021","10","January - June","40","Non-Residential Electricity","60","Non-residential electricity prices excluding value added tax (VAT) and other recoverable taxes and levies","65","Non-household electricity consumption  150,000 MWh or more - band IG","€ per kWh","0.1053"
"TMEGB04","Non-Residential Electricity Prices","2021","2021","10","January - June","40","Non-Residential Electricity","65","Non-residential electricity prices including all taxes and levies","35","Non-household electricity consumption less than 20 MWh - band IA","€ per kWh","0.2849"
"TMEGB04","Non-Residential Electricity Prices","2021","2021","10","January - June","40","Non-Residential Electricity","65","Non-residential electricity prices including all taxes and levies","40","Non-household electricity consumption 20 MWh < 500 MWh - band IB","€ per kWh","0.2056"
"TMEGB04","Non-Residential Electricity Prices","2021","2021","10","January - June","40","Non-Residential Electricity","65","Non-residential electricity prices including all taxes and levies","45","Non-household electricity consumption 500 MWh < 2,000 MWh - band IC","€ per kWh","0.1705"
"TMEGB04","Non-Residential Electricity Prices","2021","2021","10","January - June","40","Non-Residential Electricity","65","Non-residential electricity prices including all taxes and levies","50","Non-household electricity consumption 2,000 MWh < 20,000 MWh - band ID","€ per kWh","0.1346"
"TMEGB04","Non-Residential Electricity Prices","2021","2021","10","January - June","40","Non-Residential Electricity","65","Non-residential electricity prices including all taxes and levies","55","Non-household electricity consumption 20,000 MWh < 70,000 MWh - band IE","€ per kWh","0.1185"
"TMEGB04","Non-Residential Electricity Prices","2021","2021","10","January - June","40","Non-Residential Electricity","65","Non-residential electricity prices including all taxes and levies","60","Non-household electricity consumption 70,000 MWh < 150,000 MWh - band IF","€ per kWh","0.1201"
"TMEGB04","Non-Residential Electricity Prices","2021","2021","10","January - June","40","Non-Residential Electricity","65","Non-residential electricity prices including all taxes and levies","65","Non-household electricity consumption  150,000 MWh or more - band IG","€ per kWh","0.1166"
"TMEGB04","Non-Residential Electricity Prices","2021","2021","20","July - December","40","Non-Residential Electricity","55","Non-residential electricity prices excluding all taxes, fees, levies, and charges","35","Non-household electricity consumption less than 20 MWh - band IA","€ per kWh","0.2296"
"TMEGB04","Non-Residential Electricity Prices","2021","2021","20","July - December","40","Non-Residential Electricity","55","Non-residential electricity prices excluding all taxes, fees, levies, and charges","40","Non-household electricity consumption 20 MWh < 500 MWh - band IB","€ per kWh","0.1965"
"TMEGB04","Non-Residential Electricity Prices","2021","2021","20","July - December","40","Non-Residential Electricity","55","Non-residential electricity prices excluding all taxes, fees, levies, and charges","45","Non-household electricity consumption 500 MWh < 2,000 MWh - band IC","€ per kWh","0.1778"
"TMEGB04","Non-Residential Electricity Prices","2021","2021","20","July - December","40","Non-Residential Electricity","55","Non-residential electricity prices excluding all taxes, fees, levies, and charges","50","Non-household electricity consumption 2,000 MWh < 20,000 MWh - band ID","€ per kWh","0.1588"
"TMEGB04","Non-Residential Electricity Prices","2021","2021","20","July - December","40","Non-Residential Electricity","55","Non-residential electricity prices excluding all taxes, fees, levies, and charges","55","Non-household electricity consumption 20,000 MWh < 70,000 MWh - band IE","€ per kWh","0.1403"
"TMEGB04","Non-Residential Electricity Prices","2021","2021","20","July - December","40","Non-Residential Electricity","55","Non-residential electricity prices excluding all taxes, fees, levies, and charges","60","Non-household electricity consumption 70,000 MWh < 150,000 MWh - band IF","€ per kWh","0.1609"
"TMEGB04","Non-Residential Electricity Prices","2021","2021","20","July - December","40","Non-Residential Electricity","55","Non-residential electricity prices excluding all taxes, fees, levies, and charges","65","Non-household electricity consumption  150,000 MWh or more - band IG","€ per kWh","0.1703"
"TMEGB04","Non-Residential Electricity Prices","2021","2021","20","July - December","40","Non-Residential Electricity","60","Non-residential electricity prices excluding value added tax (VAT) and other recoverable taxes and levies","35","Non-household electricity consumption less than 20 MWh - band IA","€ per kWh","0.2637"
"TMEGB04","Non-Residential Electricity Prices","2021","2021","20","July - December","40","Non-Residential Electricity","60","Non-residential electricity prices excluding value added tax (VAT) and other recoverable taxes and levies","40","Non-household electricity consumption 20 MWh < 500 MWh - band IB","€ per kWh","0.2097"
"TMEGB04","Non-Residential Electricity Prices","2021","2021","20","July - December","40","Non-Residential Electricity","60","Non-residential electricity prices excluding value added tax (VAT) and other recoverable taxes and levies","45","Non-household electricity consumption 500 MWh < 2,000 MWh - band IC","€ per kWh","0.1881"
"TMEGB04","Non-Residential Electricity Prices","2021","2021","20","July - December","40","Non-Residential Electricity","60","Non-residential electricity prices excluding value added tax (VAT) and other recoverable taxes and levies","50","Non-household electricity consumption 2,000 MWh < 20,000 MWh - band ID","€ per kWh","0.1676"
"TMEGB04","Non-Residential Electricity Prices","2021","2021","20","July - December","40","Non-Residential Electricity","60","Non-residential electricity prices excluding value added tax (VAT) and other recoverable taxes and levies","55","Non-household electricity consumption 20,000 MWh < 70,000 MWh - band IE","€ per kWh","0.1468"
"TMEGB04","Non-Residential Electricity Prices","2021","2021","20","July - December","40","Non-Residential Electricity","60","Non-residential electricity prices excluding value added tax (VAT) and other recoverable taxes and levies","60","Non-household electricity consumption 70,000 MWh < 150,000 MWh - band IF","€ per kWh","0.167"
"TMEGB04","Non-Residential Electricity Prices","2021","2021","20","July - December","40","Non-Residential Electricity","60","Non-residential electricity prices excluding value added tax (VAT) and other recoverable taxes and levies","65","Non-household electricity consumption  150,000 MWh or more - band IG","€ per kWh","0.1752"
"TMEGB04","Non-Residential Electricity Prices","2021","2021","20","July - December","40","Non-Residential Electricity","65","Non-residential electricity prices including all taxes and levies","35","Non-household electricity consumption less than 20 MWh - band IA","€ per kWh","0.299"
"TMEGB04","Non-Residential Electricity Prices","2021","2021","20","July - December","40","Non-Residential Electricity","65","Non-residential electricity prices including all taxes and levies","40","Non-household electricity consumption 20 MWh < 500 MWh - band IB","€ per kWh","0.2375"
"TMEGB04","Non-Residential Electricity Prices","2021","2021","20","July - December","40","Non-Residential Electricity","65","Non-residential electricity prices including all taxes and levies","45","Non-household electricity consumption 500 MWh < 2,000 MWh - band IC","€ per kWh","0.2123"
"TMEGB04","Non-Residential Electricity Prices","2021","2021","20","July - December","40","Non-Residential Electricity","65","Non-residential electricity prices including all taxes and levies","50","Non-household electricity consumption 2,000 MWh < 20,000 MWh - band ID","€ per kWh","0.1855"
"TMEGB04","Non-Residential Electricity Prices","2021","2021","20","July - December","40","Non-Residential Electricity","65","Non-residential electricity prices including all taxes and levies","55","Non-household electricity consumption 20,000 MWh < 70,000 MWh - band IE","€ per kWh","0.1596"
"TMEGB04","Non-Residential Electricity Prices","2021","2021","20","July - December","40","Non-Residential Electricity","65","Non-residential electricity prices including all taxes and levies","60","Non-household electricity consumption 70,000 MWh < 150,000 MWh - band IF","€ per kWh","0.1859"
"TMEGB04","Non-Residential Electricity Prices","2021","2021","20","July - December","40","Non-Residential Electricity","65","Non-residential electricity prices including all taxes and levies","65","Non-household electricity consumption  150,000 MWh or more - band IG","€ per kWh","0.195"
"TMEGB04","Non-Residential Electricity Prices","2022","2022","10","January - June","40","Non-Residential Electricity","55","Non-residential electricity prices excluding all taxes, fees, levies, and charges","35","Non-household electricity consumption less than 20 MWh - band IA","€ per kWh","0.2791"
"TMEGB04","Non-Residential Electricity Prices","2022","2022","10","January - June","40","Non-Residential Electricity","55","Non-residential electricity prices excluding all taxes, fees, levies, and charges","40","Non-household electricity consumption 20 MWh < 500 MWh - band IB","€ per kWh","0.227"
"TMEGB04","Non-Residential Electricity Prices","2022","2022","10","January - June","40","Non-Residential Electricity","55","Non-residential electricity prices excluding all taxes, fees, levies, and charges","45","Non-household electricity consumption 500 MWh < 2,000 MWh - band IC","€ per kWh","0.2104"
"TMEGB04","Non-Residential Electricity Prices","2022","2022","10","January - June","40","Non-Residential Electricity","55","Non-residential electricity prices excluding all taxes, fees, levies, and charges","50","Non-household electricity consumption 2,000 MWh < 20,000 MWh - band ID","€ per kWh","0.1874"
"TMEGB04","Non-Residential Electricity Prices","2022","2022","10","January - June","40","Non-Residential Electricity","55","Non-residential electricity prices excluding all taxes, fees, levies, and charges","55","Non-household electricity consumption 20,000 MWh < 70,000 MWh - band IE","€ per kWh","0.1832"
"TMEGB04","Non-Residential Electricity Prices","2022","2022","10","January - June","40","Non-Residential Electricity","55","Non-residential electricity prices excluding all taxes, fees, levies, and charges","60","Non-household electricity consumption 70,000 MWh < 150,000 MWh - band IF","€ per kWh","0.1959"
"TMEGB04","Non-Residential Electricity Prices","2022","2022","10","January - June","40","Non-Residential Electricity","55","Non-residential electricity prices excluding all taxes, fees, levies, and charges","65","Non-household electricity consumption  150,000 MWh or more - band IG","€ per kWh","0.227"
"TMEGB04","Non-Residential Electricity Prices","2022","2022","10","January - June","40","Non-Residential Electricity","60","Non-residential electricity prices excluding value added tax (VAT) and other recoverable taxes and levies","35","Non-household electricity consumption less than 20 MWh - band IA","€ per kWh","0.3017"
"TMEGB04","Non-Residential Electricity Prices","2022","2022","10","January - June","40","Non-Residential Electricity","60","Non-residential electricity prices excluding value added tax (VAT) and other recoverable taxes and levies","40","Non-household electricity consumption 20 MWh < 500 MWh - band IB","€ per kWh","0.2353"
"TMEGB04","Non-Residential Electricity Prices","2022","2022","10","January - June","40","Non-Residential Electricity","60","Non-residential electricity prices excluding value added tax (VAT) and other recoverable taxes and levies","45","Non-household electricity consumption 500 MWh < 2,000 MWh - band IC","€ per kWh","0.2176"
"TMEGB04","Non-Residential Electricity Prices","2022","2022","10","January - June","40","Non-Residential Electricity","60","Non-residential electricity prices excluding value added tax (VAT) and other recoverable taxes and levies","50","Non-household electricity consumption 2,000 MWh < 20,000 MWh - band ID","€ per kWh","0.1939"
"TMEGB04","Non-Residential Electricity Prices","2022","2022","10","January - June","40","Non-Residential Electricity","60","Non-residential electricity prices excluding value added tax (VAT) and other recoverable taxes and levies","55","Non-household electricity consumption 20,000 MWh < 70,000 MWh - band IE","€ per kWh","0.1882"
"TMEGB04","Non-Residential Electricity Prices","2022","2022","10","January - June","40","Non-Residential Electricity","60","Non-residential electricity prices excluding value added tax (VAT) and other recoverable taxes and levies","60","Non-household electricity consumption 70,000 MWh < 150,000 MWh - band IF","€ per kWh","0.2006"
"TMEGB04","Non-Residential Electricity Prices","2022","2022","10","January - June","40","Non-Residential Electricity","60","Non-residential electricity prices excluding value added tax (VAT) and other recoverable taxes and levies","65","Non-household electricity consumption  150,000 MWh or more - band IG","€ per kWh","0.2306"
"TMEGB04","Non-Residential Electricity Prices","2022","2022","10","January - June","40","Non-Residential Electricity","65","Non-residential electricity prices including all taxes and levies","35","Non-household electricity consumption less than 20 MWh - band IA","€ per kWh","0.337"
"TMEGB04","Non-Residential Electricity Prices","2022","2022","10","January - June","40","Non-Residential Electricity","65","Non-residential electricity prices including all taxes and levies","40","Non-household electricity consumption 20 MWh < 500 MWh - band IB","€ per kWh","0.2625"
"TMEGB04","Non-Residential Electricity Prices","2022","2022","10","January - June","40","Non-Residential Electricity","65","Non-residential electricity prices including all taxes and levies","45","Non-household electricity consumption 500 MWh < 2,000 MWh - band IC","€ per kWh","0.2417"
"TMEGB04","Non-Residential Electricity Prices","2022","2022","10","January - June","40","Non-Residential Electricity","65","Non-residential electricity prices including all taxes and levies","50","Non-household electricity consumption 2,000 MWh < 20,000 MWh - band ID","€ per kWh","0.2114"
"TMEGB04","Non-Residential Electricity Prices","2022","2022","10","January - June","40","Non-Residential Electricity","65","Non-residential electricity prices including all taxes and levies","55","Non-household electricity consumption 20,000 MWh < 70,000 MWh - band IE","€ per kWh","0.2031"
"TMEGB04","Non-Residential Electricity Prices","2022","2022","10","January - June","40","Non-Residential Electricity","65","Non-residential electricity prices including all taxes and levies","60","Non-household electricity consumption 70,000 MWh < 150,000 MWh - band IF","€ per kWh","0.2213"
"TMEGB04","Non-Residential Electricity Prices","2022","2022","10","January - June","40","Non-Residential Electricity","65","Non-residential electricity prices including all taxes and levies","65","Non-household electricity consumption  150,000 MWh or more - band IG","€ per kWh","0.2503"
"TMEGB04","Non-Residential Electricity Prices","2022","2022","20","July - December","40","Non-Residential Electricity","55","Non-residential electricity prices excluding all taxes, fees, levies, and charges","35","Non-household electricity consumption less than 20 MWh - band IA","€ per kWh","0.3522"
"TMEGB04","Non-Residential Electricity Prices","2022","2022","20","July - December","40","Non-Residential Electricity","55","Non-residential electricity prices excluding all taxes, fees, levies, and charges","40","Non-household electricity consumption 20 MWh < 500 MWh - band IB","€ per kWh","0.3164"
"TMEGB04","Non-Residential Electricity Prices","2022","2022","20","July - December","40","Non-Residential Electricity","55","Non-residential electricity prices excluding all taxes, fees, levies, and charges","45","Non-household electricity consumption 500 MWh < 2,000 MWh - band IC","€ per kWh","0.2834"
"TMEGB04","Non-Residential Electricity Prices","2022","2022","20","July - December","40","Non-Residential Electricity","55","Non-residential electricity prices excluding all taxes, fees, levies, and charges","50","Non-household electricity consumption 2,000 MWh < 20,000 MWh - band ID","€ per kWh","0.2455"
"TMEGB04","Non-Residential Electricity Prices","2022","2022","20","July - December","40","Non-Residential Electricity","55","Non-residential electricity prices excluding all taxes, fees, levies, and charges","55","Non-household electricity consumption 20,000 MWh < 70,000 MWh - band IE","€ per kWh","0.2312"
"TMEGB04","Non-Residential Electricity Prices","2022","2022","20","July - December","40","Non-Residential Electricity","55","Non-residential electricity prices excluding all taxes, fees, levies, and charges","60","Non-household electricity consumption 70,000 MWh < 150,000 MWh - band IF","€ per kWh","0.2174"
"TMEGB04","Non-Residential Electricity Prices","2022","2022","20","July - December","40","Non-Residential Electricity","55","Non-residential electricity prices excluding all taxes, fees, levies, and charges","65","Non-household electricity consumption  150,000 MWh or more - band IG","€ per kWh","0.2861"
"TMEGB04","Non-Residential Electricity Prices","2022","2022","20","July - December","40","Non-Residential Electricity","60","Non-residential electricity prices excluding value added tax (VAT) and other recoverable taxes and levies","35","Non-household electricity consumption less than 20 MWh - band IA","€ per kWh","0.3688"
"TMEGB04","Non-Residential Electricity Prices","2022","2022","20","July - December","40","Non-Residential Electricity","60","Non-residential electricity prices excluding value added tax (VAT) and other recoverable taxes and levies","40","Non-household electricity consumption 20 MWh < 500 MWh - band IB","€ per kWh","0.3214"
"TMEGB04","Non-Residential Electricity Prices","2022","2022","20","July - December","40","Non-Residential Electricity","60","Non-residential electricity prices excluding value added tax (VAT) and other recoverable taxes and levies","45","Non-household electricity consumption 500 MWh < 2,000 MWh - band IC","€ per kWh","0.2876"
"TMEGB04","Non-Residential Electricity Prices","2022","2022","20","July - December","40","Non-Residential Electricity","60","Non-residential electricity prices excluding value added tax (VAT) and other recoverable taxes and levies","50","Non-household electricity consumption 2,000 MWh < 20,000 MWh - band ID","€ per kWh","0.249"
"TMEGB04","Non-Residential Electricity Prices","2022","2022","20","July - December","40","Non-Residential Electricity","60","Non-residential electricity prices excluding value added tax (VAT) and other recoverable taxes and levies","55","Non-household electricity consumption 20,000 MWh < 70,000 MWh - band IE","€ per kWh","0.2339"
"TMEGB04","Non-Residential Electricity Prices","2022","2022","20","July - December","40","Non-Residential Electricity","60","Non-residential electricity prices excluding value added tax (VAT) and other recoverable taxes and levies","60","Non-household electricity consumption 70,000 MWh < 150,000 MWh - band IF","€ per kWh","0.2209"
"TMEGB04","Non-Residential Electricity Prices","2022","2022","20","July - December","40","Non-Residential Electricity","60","Non-residential electricity prices excluding value added tax (VAT) and other recoverable taxes and levies","65","Non-household electricity consumption  150,000 MWh or more - band IG","€ per kWh","0.2882"
"TMEGB04","Non-Residential Electricity Prices","2022","2022","20","July - December","40","Non-Residential Electricity","65","Non-residential electricity prices including all taxes and levies","35","Non-household electricity consumption less than 20 MWh - band IA","€ per kWh","0.4006"
"TMEGB04","Non-Residential Electricity Prices","2022","2022","20","July - December","40","Non-Residential Electricity","65","Non-residential electricity prices including all taxes and levies","40","Non-household electricity consumption 20 MWh < 500 MWh - band IB","€ per kWh","0.349"
"TMEGB04","Non-Residential Electricity Prices","2022","2022","20","July - December","40","Non-Residential Electricity","65","Non-residential electricity prices including all taxes and levies","45","Non-household electricity consumption 500 MWh < 2,000 MWh - band IC","€ per kWh","0.3119"
"TMEGB04","Non-Residential Electricity Prices","2022","2022","20","July - December","40","Non-Residential Electricity","65","Non-residential electricity prices including all taxes and levies","50","Non-household electricity consumption 2,000 MWh < 20,000 MWh - band ID","€ per kWh","0.267"
"TMEGB04","Non-Residential Electricity Prices","2022","2022","20","July - December","40","Non-Residential Electricity","65","Non-residential electricity prices including all taxes and levies","55","Non-household electricity consumption 20,000 MWh < 70,000 MWh - band IE","€ per kWh","0.2477"
"TMEGB04","Non-Residential Electricity Prices","2022","2022","20","July - December","40","Non-Residential Electricity","65","Non-residential electricity prices including all taxes and levies","60","Non-household electricity consumption 70,000 MWh < 150,000 MWh - band IF","€ per kWh","0.2365"
"TMEGB04","Non-Residential Electricity Prices","2022","2022","20","July - December","40","Non-Residential Electricity","65","Non-residential electricity prices including all taxes and levies","65","Non-household electricity consumption  150,000 MWh or more - band IG","€ per kWh","0.3063"
"TMEGB04","Non-Residential Electricity Prices","2023","2023","10","January - June","40","Non-Residential Electricity","55","Non-residential electricity prices excluding all taxes, fees, levies, and charges","35","Non-household electricity consumption less than 20 MWh - band IA","€ per kWh","0.4025"
"TMEGB04","Non-Residential Electricity Prices","2023","2023","10","January - June","40","Non-Residential Electricity","55","Non-residential electricity prices excluding all taxes, fees, levies, and charges","40","Non-household electricity consumption 20 MWh < 500 MWh - band IB","€ per kWh","0.3693"
"TMEGB04","Non-Residential Electricity Prices","2023","2023","10","January - June","40","Non-Residential Electricity","55","Non-residential electricity prices excluding all taxes, fees, levies, and charges","45","Non-household electricity consumption 500 MWh < 2,000 MWh - band IC","€ per kWh","0.294"
"TMEGB04","Non-Residential Electricity Prices","2023","2023","10","January - June","40","Non-Residential Electricity","55","Non-residential electricity prices excluding all taxes, fees, levies, and charges","50","Non-household electricity consumption 2,000 MWh < 20,000 MWh - band ID","€ per kWh","0.25"
"TMEGB04","Non-Residential Electricity Prices","2023","2023","10","January - June","40","Non-Residential Electricity","55","Non-residential electricity prices excluding all taxes, fees, levies, and charges","55","Non-household electricity consumption 20,000 MWh < 70,000 MWh - band IE","€ per kWh","0.2358"
"TMEGB04","Non-Residential Electricity Prices","2023","2023","10","January - June","40","Non-Residential Electricity","55","Non-residential electricity prices excluding all taxes, fees, levies, and charges","60","Non-household electricity consumption 70,000 MWh < 150,000 MWh - band IF","€ per kWh","0.243"
"TMEGB04","Non-Residential Electricity Prices","2023","2023","10","January - June","40","Non-Residential Electricity","55","Non-residential electricity prices excluding all taxes, fees, levies, and charges","65","Non-household electricity consumption  150,000 MWh or more - band IG","€ per kWh","0.2175"
"TMEGB04","Non-Residential Electricity Prices","2023","2023","10","January - June","40","Non-Residential Electricity","60","Non-residential electricity prices excluding value added tax (VAT) and other recoverable taxes and levies","35","Non-household electricity consumption less than 20 MWh - band IA","€ per kWh","0.371"
"TMEGB04","Non-Residential Electricity Prices","2023","2023","10","January - June","40","Non-Residential Electricity","60","Non-residential electricity prices excluding value added tax (VAT) and other recoverable taxes and levies","40","Non-household electricity consumption 20 MWh < 500 MWh - band IB","€ per kWh","0.3561"
"TMEGB04","Non-Residential Electricity Prices","2023","2023","10","January - June","40","Non-Residential Electricity","60","Non-residential electricity prices excluding value added tax (VAT) and other recoverable taxes and levies","45","Non-household electricity consumption 500 MWh < 2,000 MWh - band IC","€ per kWh","0.2829"
"TMEGB04","Non-Residential Electricity Prices","2023","2023","10","January - June","40","Non-Residential Electricity","60","Non-residential electricity prices excluding value added tax (VAT) and other recoverable taxes and levies","50","Non-household electricity consumption 2,000 MWh < 20,000 MWh - band ID","€ per kWh","0.2405"
"TMEGB04","Non-Residential Electricity Prices","2023","2023","10","January - June","40","Non-Residential Electricity","60","Non-residential electricity prices excluding value added tax (VAT) and other recoverable taxes and levies","55","Non-household electricity consumption 20,000 MWh < 70,000 MWh - band IE","€ per kWh","0.229"
"TMEGB04","Non-Residential Electricity Prices","2023","2023","10","January - June","40","Non-Residential Electricity","60","Non-residential electricity prices excluding value added tax (VAT) and other recoverable taxes and levies","60","Non-household electricity consumption 70,000 MWh < 150,000 MWh - band IF","€ per kWh","0.2397"
"TMEGB04","Non-Residential Electricity Prices","2023","2023","10","January - June","40","Non-Residential Electricity","60","Non-residential electricity prices excluding value added tax (VAT) and other recoverable taxes and levies","65","Non-household electricity consumption  150,000 MWh or more - band IG","€ per kWh","0.2128"
"TMEGB04","Non-Residential Electricity Prices","2023","2023","10","January - June","40","Non-Residential Electricity","65","Non-residential electricity prices including all taxes and levies","35","Non-household electricity consumption less than 20 MWh - band IA","€ per kWh","0.4033"
"TMEGB04","Non-Residential Electricity Prices","2023","2023","10","January - June","40","Non-Residential Electricity","65","Non-residential electricity prices including all taxes and levies","40","Non-household electricity consumption 20 MWh < 500 MWh - band IB","€ per kWh","0.3872"
"TMEGB04","Non-Residential Electricity Prices","2023","2023","10","January - June","40","Non-Residential Electricity","65","Non-residential electricity prices including all taxes and levies","45","Non-household electricity consumption 500 MWh < 2,000 MWh - band IC","€ per kWh","0.307"
"TMEGB04","Non-Residential Electricity Prices","2023","2023","10","January - June","40","Non-Residential Electricity","65","Non-residential electricity prices including all taxes and levies","50","Non-household electricity consumption 2,000 MWh < 20,000 MWh - band ID","€ per kWh","0.2581"
"TMEGB04","Non-Residential Electricity Prices","2023","2023","10","January - June","40","Non-Residential Electricity","65","Non-residential electricity prices including all taxes and levies","55","Non-household electricity consumption 20,000 MWh < 70,000 MWh - band IE","€ per kWh","0.2434"
"TMEGB04","Non-Residential Electricity Prices","2023","2023","10","January - June","40","Non-Residential Electricity","65","Non-residential electricity prices including all taxes and levies","60","Non-household electricity consumption 70,000 MWh < 150,000 MWh - band IF","€ per kWh","0.2578"
"TMEGB04","Non-Residential Electricity Prices","2023","2023","10","January - June","40","Non-Residential Electricity","65","Non-residential electricity prices including all taxes and levies","65","Non-household electricity consumption  150,000 MWh or more - band IG","€ per kWh","0.2279"
"TMEGB04","Non-Residential Electricity Prices","2023","2023","20","July - December","40","Non-Residential Electricity","55","Non-residential electricity prices excluding all taxes, fees, levies, and charges","35","Non-household electricity consumption less than 20 MWh - band IA","€ per kWh","0.3987"
"TMEGB04","Non-Residential Electricity Prices","2023","2023","20","July - December","40","Non-Residential Electricity","55","Non-residential electricity prices excluding all taxes, fees, levies, and charges","40","Non-household electricity consumption 20 MWh < 500 MWh - band IB","€ per kWh","0.3174"
"TMEGB04","Non-Residential Electricity Prices","2023","2023","20","July - December","40","Non-Residential Electricity","55","Non-residential electricity prices excluding all taxes, fees, levies, and charges","45","Non-household electricity consumption 500 MWh < 2,000 MWh - band IC","€ per kWh","0.2691"
"TMEGB04","Non-Residential Electricity Prices","2023","2023","20","July - December","40","Non-Residential Electricity","55","Non-residential electricity prices excluding all taxes, fees, levies, and charges","50","Non-household electricity consumption 2,000 MWh < 20,000 MWh - band ID","€ per kWh","0.2273"
"TMEGB04","Non-Residential Electricity Prices","2023","2023","20","July - December","40","Non-Residential Electricity","55","Non-residential electricity prices excluding all taxes, fees, levies, and charges","55","Non-household electricity consumption 20,000 MWh < 70,000 MWh - band IE","€ per kWh","0.2153"
"TMEGB04","Non-Residential Electricity Prices","2023","2023","20","July - December","40","Non-Residential Electricity","55","Non-residential electricity prices excluding all taxes, fees, levies, and charges","60","Non-household electricity consumption 70,000 MWh < 150,000 MWh - band IF","€ per kWh","0.2141"
"TMEGB04","Non-Residential Electricity Prices","2023","2023","20","July - December","40","Non-Residential Electricity","55","Non-residential electricity prices excluding all taxes, fees, levies, and charges","65","Non-household electricity consumption  150,000 MWh or more - band IG","€ per kWh","0.1838"
"TMEGB04","Non-Residential Electricity Prices","2023","2023","20","July - December","40","Non-Residential Electricity","60","Non-residential electricity prices excluding value added tax (VAT) and other recoverable taxes and levies","35","Non-household electricity consumption less than 20 MWh - band IA","€ per kWh","0.3467"
"TMEGB04","Non-Residential Electricity Prices","2023","2023","20","July - December","40","Non-Residential Electricity","60","Non-residential electricity prices excluding value added tax (VAT) and other recoverable taxes and levies","40","Non-household electricity consumption 20 MWh < 500 MWh - band IB","€ per kWh","0.2994"
"TMEGB04","Non-Residential Electricity Prices","2023","2023","20","July - December","40","Non-Residential Electricity","60","Non-residential electricity prices excluding value added tax (VAT) and other recoverable taxes and levies","45","Non-household electricity consumption 500 MWh < 2,000 MWh - band IC","€ per kWh","0.2579"
"TMEGB04","Non-Residential Electricity Prices","2023","2023","20","July - December","40","Non-Residential Electricity","60","Non-residential electricity prices excluding value added tax (VAT) and other recoverable taxes and levies","50","Non-household electricity consumption 2,000 MWh < 20,000 MWh - band ID","€ per kWh","0.2183"
"TMEGB04","Non-Residential Electricity Prices","2023","2023","20","July - December","40","Non-Residential Electricity","60","Non-residential electricity prices excluding value added tax (VAT) and other recoverable taxes and levies","55","Non-household electricity consumption 20,000 MWh < 70,000 MWh - band IE","€ per kWh","0.2078"
"TMEGB04","Non-Residential Electricity Prices","2023","2023","20","July - December","40","Non-Residential Electricity","60","Non-residential electricity prices excluding value added tax (VAT) and other recoverable taxes and levies","60","Non-household electricity consumption 70,000 MWh < 150,000 MWh - band IF","€ per kWh","0.203"
"TMEGB04","Non-Residential Electricity Prices","2023","2023","20","July - December","40","Non-Residential Electricity","60","Non-residential electricity prices excluding value added tax (VAT) and other recoverable taxes and levies","65","Non-household electricity consumption  150,000 MWh or more - band IG","€ per kWh","0.1779"
"TMEGB04","Non-Residential Electricity Prices","2023","2023","20","July - December","40","Non-Residential Electricity","65","Non-residential electricity prices including all taxes and levies","35","Non-household electricity consumption less than 20 MWh - band IA","€ per kWh","0.3767"
"TMEGB04","Non-Residential Electricity Prices","2023","2023","20","July - December","40","Non-Residential Electricity","65","Non-residential electricity prices including all taxes and levies","40","Non-household electricity consumption 20 MWh < 500 MWh - band IB","€ per kWh","0.3252"
"TMEGB04","Non-Residential Electricity Prices","2023","2023","20","July - December","40","Non-Residential Electricity","65","Non-residential electricity prices including all taxes and levies","45","Non-household electricity consumption 500 MWh < 2,000 MWh - band IC","€ per kWh","0.2798"
"TMEGB04","Non-Residential Electricity Prices","2023","2023","20","July - December","40","Non-Residential Electricity","65","Non-residential electricity prices including all taxes and levies","50","Non-household electricity consumption 2,000 MWh < 20,000 MWh - band ID","€ per kWh","0.2342"
"TMEGB04","Non-Residential Electricity Prices","2023","2023","20","July - December","40","Non-Residential Electricity","65","Non-residential electricity prices including all taxes and levies","55","Non-household electricity consumption 20,000 MWh < 70,000 MWh - band IE","€ per kWh","0.2204"
"TMEGB04","Non-Residential Electricity Prices","2023","2023","20","July - December","40","Non-Residential Electricity","65","Non-residential electricity prices including all taxes and levies","60","Non-household electricity consumption 70,000 MWh < 150,000 MWh - band IF","€ per kWh","0.2163"
"TMEGB04","Non-Residential Electricity Prices","2023","2023","20","July - December","40","Non-Residential Electricity","65","Non-residential electricity prices including all taxes and levies","65","Non-household electricity consumption  150,000 MWh or more - band IG","€ per kWh","0.1898"
